Espansione;Nome;Rarità;Immagine
Genetic Apex;Bulbasaur;♦;cPK_10_000010_00_FUSHIGIDANE_C.webp
Genetic Apex;Ivysaur;♦♦;cPK_10_000020_00_FUSHIGISOU_U.webp
Genetic Apex;Venusaur;♦♦♦;cPK_10_000030_00_FUSHIGIBANA_R.webp
Genetic Apex;Venusaur ex;♦♦♦♦;cPK_10_000040_00_FUSHIGIBANAex_RR.webp
Genetic Apex;Caterpie;♦;cPK_10_000050_00_CATERPIE_C.webp
Genetic Apex;Metapod;♦;cPK_10_000060_00_TRANSEL_C.webp
Genetic Apex;Butterfree;♦♦♦;cPK_10_000070_00_BUTTERFREE_R.webp
Genetic Apex;Weedle;♦;cPK_10_000080_00_BEEDLE_C.webp
Genetic Apex;Kakuna;♦;cPK_10_000090_00_COCOON_C.webp
Genetic Apex;Beedrill;♦♦♦;cPK_10_000100_00_SPEAR_R.webp
Genetic Apex;Oddish;♦;cPK_10_000110_00_NAZONOKUSA_C.webp
Genetic Apex;Gloom;♦♦;cPK_10_000120_00_KUSAIHANA_U.webp
Genetic Apex;Vileplume;♦♦♦;cPK_10_000130_00_RUFFRESIA_R.webp
Genetic Apex;Paras;♦;cPK_10_000140_00_PARAS_C.webp
Genetic Apex;Parasect;♦♦;cPK_10_000150_00_PARASECT_U.webp
Genetic Apex;Venonat;♦;cPK_10_000160_00_KONGPANG_C.webp
Genetic Apex;Venomoth;♦♦;cPK_10_000170_00_MORPHON_U.webp
Genetic Apex;Bellsprout;♦;cPK_10_000180_00_MADATSUBOMI_C.webp
Genetic Apex;Weepinbell;♦♦;cPK_10_000190_00_UTSUDON_U.webp
Genetic Apex;Victreebel;♦♦♦;cPK_10_000200_00_UTSUBOT_R.webp
Genetic Apex;Exeggcute;♦;cPK_10_000210_00_TAMATAMA_C.webp
Genetic Apex;Exeggutor;♦♦♦;cPK_10_000220_00_NASSY_R.webp
Genetic Apex;Exeggutor ex;♦♦♦♦;cPK_10_000230_00_NASSYex_RR.webp
Genetic Apex;Tangela;♦;cPK_10_000240_00_MONJARA_C.webp
Genetic Apex;Scyther;♦;cPK_10_000250_00_STRIKE_C.webp
Genetic Apex;Pinsir;♦♦;cPK_10_000260_00_KAILIOS_U.webp
Genetic Apex;Cottonee;♦;cPK_10_000270_00_MONMEN_C.webp
Genetic Apex;Whimsicott;♦♦;cPK_10_000280_00_ELFUUN_U.webp
Genetic Apex;Petilil;♦;cPK_10_000290_00_CHURINE_C.webp
Genetic Apex;Lilligant;♦♦;cPK_10_000300_00_DREDEAR_U.webp
Genetic Apex;Skiddo;♦;cPK_10_000310_00_MEECLE_C.webp
Genetic Apex;Gogoat;♦;cPK_10_000320_00_GOGOAT_C.webp
Genetic Apex;Charmander;♦;cPK_10_000330_00_HITOKAGE_C.webp
Genetic Apex;Charmeleon;♦♦;cPK_10_000340_00_LIZARDO_U.webp
Genetic Apex;Charizard;♦♦♦;cPK_10_000350_00_LIZARDON_R.webp
Genetic Apex;Charizard ex;♦♦♦♦;cPK_10_000360_00_LIZARDONex_RR.webp
Genetic Apex;Vulpix;♦;cPK_10_000370_00_ROKON_C.webp
Genetic Apex;Ninetales;♦♦;cPK_10_000380_00_KYUKON_U.webp
Genetic Apex;Growlithe;♦;cPK_10_000390_00_GARDIE_C.webp
Genetic Apex;Arcanine;♦♦♦;cPK_10_000400_00_WINDIE_R.webp
Genetic Apex;Arcanine ex;♦♦♦♦;cPK_10_000410_00_WINDIEex_RR.webp
Genetic Apex;Ponyta;♦;cPK_10_000420_00_PONYTA_C.webp
Genetic Apex;Rapidash;♦♦;cPK_10_000430_00_GALLOP_U.webp
Genetic Apex;Magmar;♦;cPK_10_000440_00_BOOBER_C.webp
Genetic Apex;Flareon;♦♦♦;cPK_10_000450_00_BOOSTER_R.webp
Genetic Apex;Moltres;♦♦♦;cPK_10_000460_00_FIRE_R.webp
Genetic Apex;Moltres ex;♦♦♦♦;cPK_10_000470_00_FIREex_RR.webp
Genetic Apex;Heatmor;♦;cPK_10_000480_00_KUITARAN_C.webp
Genetic Apex;Salandit;♦;cPK_10_000490_00_YATOUMORI_C.webp
Genetic Apex;Salazzle;♦;cPK_10_000500_00_ENNEWT_C.webp
Genetic Apex;Sizzlipede;♦;cPK_10_000510_00_YAKUDE_C.webp
Genetic Apex;Centiskorch;♦♦;cPK_10_000520_00_MARUYAKUDE_U.webp
Genetic Apex;Squirtle;♦;cPK_10_000530_00_ZENIGAME_C.webp
Genetic Apex;Wartortle;♦♦;cPK_10_000540_00_KAMEIL_U.webp
Genetic Apex;Blastoise;♦♦♦;cPK_10_000550_00_KAMEX_R.webp
Genetic Apex;Blastoise ex;♦♦♦♦;cPK_10_000560_00_KAMEXex_RR.webp
Genetic Apex;Psyduck;♦;cPK_10_000570_00_KODUCK_C.webp
Genetic Apex;Golduck;♦♦;cPK_10_000580_00_GOLDUCK_U.webp
Genetic Apex;Poliwag;♦;cPK_10_000590_00_NYOROMO_C.webp
Genetic Apex;Poliwhirl;♦♦;cPK_10_000600_00_NYOROZO_U.webp
Genetic Apex;Poliwrath;♦♦♦;cPK_10_000610_00_NYOROBON_R.webp
Genetic Apex;Tentacool;♦;cPK_10_000620_00_MENOKURAGE_C.webp
Genetic Apex;Tentacruel;♦♦;cPK_10_000630_00_DOKUKURAGE_U.webp
Genetic Apex;Seel;♦;cPK_10_000640_00_PAWOU_C.webp
Genetic Apex;Dewgong;♦♦;cPK_10_000650_00_JUGON_U.webp
Genetic Apex;Shellder;♦;cPK_10_000660_00_SHELLDER_C.webp
Genetic Apex;Cloyster;♦♦;cPK_10_000670_00_PARSHEN_U.webp
Genetic Apex;Krabby;♦;cPK_10_000680_00_CRAB_C.webp
Genetic Apex;Kingler;♦♦;cPK_10_000690_00_KINGLER_U.webp
Genetic Apex;Horsea;♦;cPK_10_000700_00_TATTU_C.webp
Genetic Apex;Seadra;♦♦;cPK_10_000710_00_SEADRA_U.webp
Genetic Apex;Goldeen;♦;cPK_10_000720_00_TOSAKINTO_C.webp
Genetic Apex;Seaking;♦;cPK_10_000730_00_AZUMAO_C.webp
Genetic Apex;Staryu;♦;cPK_10_000740_00_HITODEMAN_C.webp
Genetic Apex;Starmie;♦♦;cPK_10_000750_00_STARMIE_U.webp
Genetic Apex;Starmie ex;♦♦♦♦;cPK_10_000760_00_STARMIEex_RR.webp
Genetic Apex;Magikarp;♦;cPK_10_000770_00_KOIKING_C.webp
Genetic Apex;Gyarados;♦♦♦;cPK_10_000780_00_GYARADOS_R.webp
Genetic Apex;Lapras;♦♦♦;cPK_10_000790_00_LAPLACE_R.webp
Genetic Apex;Vaporeon;♦♦♦;cPK_10_000800_00_SHOWERS_R.webp
Genetic Apex;Omanyte;♦♦;cPK_10_000810_00_OMNITE_U.webp
Genetic Apex;Omastar;♦♦♦;cPK_10_000820_00_OMSTAR_R.webp
Genetic Apex;Articuno;♦♦♦;cPK_10_000830_00_FREEZER_R.webp
Genetic Apex;Articuno ex;♦♦♦♦;cPK_10_000840_00_FREEZERex_RR.webp
Genetic Apex;Ducklett;♦;cPK_10_000850_00_KOARUHIE_C.webp
Genetic Apex;Swanna;♦♦;cPK_10_000860_00_SWANNA_U.webp
Genetic Apex;Froakie;♦;cPK_10_000870_00_KEROMATSU_C.webp
Genetic Apex;Frogadier;♦♦;cPK_10_000880_00_GEKOGASHIRA_U.webp
Genetic Apex;Greninja;♦♦♦;cPK_10_000890_00_GEKKOUGA_R.webp
Genetic Apex;Pyukumuku;♦;cPK_10_000900_00_NAMAKOBUSHI_C.webp
Genetic Apex;Bruxish;♦♦;cPK_10_000910_00_HAGIGISHIRI_U.webp
Genetic Apex;Snom;♦;cPK_10_000920_00_YUKIHAMI_C.webp
Genetic Apex;Frosmoth;♦♦;cPK_10_000930_00_MOTHNOW_U.webp
Genetic Apex;Pikachu;♦;cPK_10_000940_00_PIKACHU_C.webp
Genetic Apex;Raichu;♦♦♦;cPK_10_000950_00_RAICHU_R.webp
Genetic Apex;Pikachu ex;♦♦♦♦;cPK_10_000960_00_PIKACHUex_RR.webp
Genetic Apex;Magnemite;♦;cPK_10_000970_00_COIL_C.webp
Genetic Apex;Magneton;♦♦♦;cPK_10_000980_00_RARECOIL_R.webp
Genetic Apex;Voltorb;♦;cPK_10_000990_00_BIRIRIDAMA_C.webp
Genetic Apex;Electrode;♦♦;cPK_10_001000_00_MARUMINE_U.webp
Genetic Apex;Electabuzz;♦;cPK_10_001010_00_ELEBOO_C.webp
Genetic Apex;Jolteon;♦♦♦;cPK_10_001020_00_THUNDERS_R.webp
Genetic Apex;Zapdos;♦♦♦;cPK_10_001030_00_THUNDER_R.webp
Genetic Apex;Zapdos ex;♦♦♦♦;cPK_10_001040_00_THUNDERex_RR.webp
Genetic Apex;Blitzle;♦;cPK_10_001050_00_SHIMAMA_C.webp
Genetic Apex;Zebstrika;♦♦;cPK_10_001060_00_ZEBRAIKA_U.webp
Genetic Apex;Tynamo;♦;cPK_10_001070_00_SHIBISHIRASU_C.webp
Genetic Apex;Eelektrik;♦♦;cPK_10_001080_00_SHIBIBEEL_U.webp
Genetic Apex;Eelektross;♦♦♦;cPK_10_001090_00_SHIBIRUDON_R.webp
Genetic Apex;Helioptile;♦;cPK_10_001100_00_ERIKITERU_C.webp
Genetic Apex;Heliolisk;♦;cPK_10_001110_00_ELEZARD_C.webp
Genetic Apex;Pincurchin;♦♦;cPK_10_001120_00_BACHINUNI_U.webp
Genetic Apex;Clefairy;♦;cPK_10_001130_00_PIPPI_C.webp
Genetic Apex;Clefable;♦♦;cPK_10_001140_00_PIXY_U.webp
Genetic Apex;Abra;♦;cPK_10_001150_00_CASEY_C.webp
Genetic Apex;Kadabra;♦♦;cPK_10_001160_00_YUNGERER_U.webp
Genetic Apex;Alakazam;♦♦♦;cPK_10_001170_00_FOODIN_R.webp
Genetic Apex;Slowpoke;♦;cPK_10_001180_00_YADON_C.webp
Genetic Apex;Slowbro;♦♦;cPK_10_001190_00_YADORAN_U.webp
Genetic Apex;Gastly;♦;cPK_10_001200_00_GHOS_C.webp
Genetic Apex;Haunter;♦♦;cPK_10_001210_00_GHOST_U.webp
Genetic Apex;Gengar;♦♦♦;cPK_10_001220_00_GANGAR_R.webp
Genetic Apex;Gengar ex;♦♦♦♦;cPK_10_001230_00_GANGARex_RR.webp
Genetic Apex;Drowzee;♦;cPK_10_001240_00_SLEEPE_C.webp
Genetic Apex;Hypno;♦♦♦;cPK_10_001250_00_SLEEPER_R.webp
Genetic Apex;Mr. Mime;♦♦;cPK_10_001260_00_BARRIERD_U.webp
Genetic Apex;Jynx;♦;cPK_10_001270_00_ROUGELA_C.webp
Genetic Apex;Mewtwo;♦♦♦;cPK_10_001280_00_MEWTWO_R.webp
Genetic Apex;Mewtwo ex;♦♦♦♦;cPK_10_001290_00_MEWTWOex_RR.webp
Genetic Apex;Ralts;♦;cPK_10_001300_00_RALTS_C.webp
Genetic Apex;Kirlia;♦♦;cPK_10_001310_00_KIRLIA_U.webp
Genetic Apex;Gardevoir;♦♦♦;cPK_10_001320_00_SIRNIGHT_R.webp
Genetic Apex;Woobat;♦;cPK_10_001330_00_KOROMORI_C.webp
Genetic Apex;Swoobat;♦;cPK_10_001340_00_KOKOROMORI_C.webp
Genetic Apex;Golett;♦;cPK_10_001350_00_GOBIT_C.webp
Genetic Apex;Golurk;♦♦;cPK_10_001360_00_GOLOOG_U.webp
Genetic Apex;Sandshrew;♦;cPK_10_001370_00_SAND_C.webp
Genetic Apex;Sandslash;♦♦;cPK_10_001380_00_SANDPAN_U.webp
Genetic Apex;Diglett;♦;cPK_10_001390_00_DIGDA_C.webp
Genetic Apex;Dugtrio;♦♦;cPK_10_001400_00_DUGTRIO_U.webp
Genetic Apex;Mankey;♦;cPK_10_001410_00_MANKEY_C.webp
Genetic Apex;Primeape;♦♦;cPK_10_001420_00_OKORIZARU_U.webp
Genetic Apex;Machop;♦;cPK_10_001430_00_WANRIKY_C.webp
Genetic Apex;Machoke;♦♦;cPK_10_001440_00_GORIKY_U.webp
Genetic Apex;Machamp;♦♦♦;cPK_10_001450_00_KAIRIKY_R.webp
Genetic Apex;Machamp ex;♦♦♦♦;cPK_10_001460_00_KAIRIKYex_RR.webp
Genetic Apex;Geodude;♦;cPK_10_001470_00_ISITSUBUTE_C.webp
Genetic Apex;Graveler;♦♦;cPK_10_001480_00_GOLONE_U.webp
Genetic Apex;Golem;♦♦♦;cPK_10_001490_00_GOLONYA_R.webp
Genetic Apex;Onix;♦♦;cPK_10_001500_00_IWARK_U.webp
Genetic Apex;Cubone;♦;cPK_10_001510_00_KARAKARA_C.webp
Genetic Apex;Marowak;♦♦;cPK_10_001520_00_GARAGARA_U.webp
Genetic Apex;Marowak ex;♦♦♦♦;cPK_10_001530_00_GARAGARAex_RR.webp
Genetic Apex;Hitmonlee;♦;cPK_10_001540_00_SAWAMULAR_C.webp
Genetic Apex;Hitmonchan;♦;cPK_10_001550_00_EBIWALAR_C.webp
Genetic Apex;Rhyhorn;♦;cPK_10_001560_00_SIHORN_C.webp
Genetic Apex;Rhydon;♦♦;cPK_10_001570_00_SIDON_U.webp
Genetic Apex;Kabuto;♦♦;cPK_10_001580_00_KABUTO_U.webp
Genetic Apex;Kabutops;♦♦♦;cPK_10_001590_00_KABUTOPS_R.webp
Genetic Apex;Mienfoo;♦;cPK_10_001600_00_KOJOFU_C.webp
Genetic Apex;Mienshao;♦♦;cPK_10_001610_00_KOJONDO_U.webp
Genetic Apex;Clobbopus;♦;cPK_10_001620_00_TATAKKO_C.webp
Genetic Apex;Grapploct;♦♦;cPK_10_001630_00_OTOSUPUS_U.webp
Genetic Apex;Ekans;♦;cPK_10_001640_00_ARBO_C.webp
Genetic Apex;Arbok;♦♦;cPK_10_001650_00_ARBOK_U.webp
Genetic Apex;Nidoran♀ 166;♦;cPK_10_001660_00_NIDORAN♀_C.webp
Genetic Apex;Nidorina;♦♦;cPK_10_001670_00_NIDORINA_U.webp
Genetic Apex;Nidoqueen;♦♦♦;cPK_10_001680_00_NIDOQUEEN_R.webp
Genetic Apex;Nidoran♂ 169;♦;cPK_10_001690_00_NIDORAN♂_C.webp
Genetic Apex;Nidorino;♦♦;cPK_10_001700_00_NIDORINO_U.webp
Genetic Apex;Nidoking;♦♦♦;cPK_10_001710_00_NIDOKING_R.webp
Genetic Apex;Zubat;♦;cPK_10_001720_00_ZUBAT_C.webp
Genetic Apex;Golbat;♦♦;cPK_10_001730_00_GOLBAT_U.webp
Genetic Apex;Grimer;♦;cPK_10_001740_00_BETBETER_C.webp
Genetic Apex;Muk;♦♦♦;cPK_10_001750_00_BETBETON_R.webp
Genetic Apex;Koffing;♦;cPK_10_001760_00_DOGARS_C.webp
Genetic Apex;Weezing;♦♦♦;cPK_10_001770_00_MATADOGAS_R.webp
Genetic Apex;Mawile;♦;cPK_10_001780_00_KUCHEAT_C.webp
Genetic Apex;Pawniard;♦;cPK_10_001790_00_KOMATANA_C.webp
Genetic Apex;Bisharp;♦♦;cPK_10_001800_00_KIRIKIZAN_U.webp
Genetic Apex;Meltan;♦;cPK_10_001810_00_MELTAN_C.webp
Genetic Apex;Melmetal;♦♦♦;cPK_10_001820_00_MELMETAL_R.webp
Genetic Apex;Dratini;♦;cPK_10_001830_00_MINIRYU_C.webp
Genetic Apex;Dragonair;♦♦;cPK_10_001840_00_HAKURYU_U.webp
Genetic Apex;Dragonite;♦♦♦;cPK_10_001850_00_KAIRYU_R.webp
Genetic Apex;Pidgey;♦;cPK_10_001860_00_POPPO_C.webp
Genetic Apex;Pidgeotto;♦;cPK_10_001870_00_PIGEON_C.webp
Genetic Apex;Pidgeot;♦♦♦;cPK_10_001880_00_PIGEOT_R.webp
Genetic Apex;Rattata;♦;cPK_10_001890_00_KORATTA_C.webp
Genetic Apex;Raticate;♦;cPK_10_001900_00_RATTA_C.webp
Genetic Apex;Spearow;♦;cPK_10_001910_00_ONISUZUME_C.webp
Genetic Apex;Fearow;♦;cPK_10_001920_00_ONIDRILL_C.webp
Genetic Apex;Jigglypuff;♦;cPK_10_001930_00_PURIN_C.webp
Genetic Apex;Wigglytuff;♦;cPK_10_001940_00_PUKURIN_C.webp
Genetic Apex;Wigglytuff ex;♦♦♦♦;cPK_10_001950_00_PUKURINex_RR.webp
Genetic Apex;Meowth;♦;cPK_10_001960_00_NYARTH_C.webp
Genetic Apex;Persian;♦♦;cPK_10_001970_00_PERSIAN_U.webp
Genetic Apex;Farfetch’d;♦;cPK_10_001980_00_KAMONEGI_C.webp
Genetic Apex;Doduo;♦;cPK_10_001990_00_DODO_C.webp
Genetic Apex;Dodrio;♦♦;cPK_10_002000_00_DODORIO_U.webp
Genetic Apex;Lickitung;♦♦;cPK_10_002010_00_BERORINGA_U.webp
Genetic Apex;Chansey;♦♦;cPK_10_002020_00_LUCKY_U.webp
Genetic Apex;Kangaskhan;♦♦♦;cPK_10_002030_00_GARURA_R.webp
Genetic Apex;Tauros;♦♦;cPK_10_002040_00_KENTAUROS_U.webp
Genetic Apex;Ditto;♦♦♦;cPK_10_002050_00_METAMON_R.webp
Genetic Apex;Eevee 206;♦;cPK_10_002060_00_EIEVUI_C.webp
Genetic Apex;Eevee 207;♦;cPK_10_002060_01_EIEVUI_C.webp
Genetic Apex;Eevee 208;♦;cPK_10_002060_02_EIEVUI_C.webp
Genetic Apex;Porygon;♦♦;cPK_10_002070_00_PORYGON_U.webp
Genetic Apex;Aerodactyl;♦♦♦;cPK_10_002080_00_PTERA_R.webp
Genetic Apex;Snorlax;♦♦♦;cPK_10_002090_00_KABIGON_R.webp
Genetic Apex;Minccino;♦;cPK_10_002100_00_CHILLARMY_C.webp
Genetic Apex;Cinccino;♦♦;cPK_10_002110_00_CHILLACCINO_U.webp
Genetic Apex;Wooloo;♦;cPK_10_002120_00_WOOLUU_C.webp
Genetic Apex;Dubwool;♦;cPK_10_002130_00_BAIWOOLUU_C.webp
Genetic Apex;Helix Fossil;♦;cTR_10_000080_00_KAINOKASEKI_C.webp
Genetic Apex;Dome Fossil;♦;cTR_10_000090_00_KOURANOKASEKI_C.webp
Genetic Apex;Old Amber;♦;cTR_10_000100_00_HIMITSUNOKOHAKU_C.webp
Genetic Apex;Erika;♦♦;cTR_10_000110_00_ERIKA_U.webp
Genetic Apex;Misty;♦♦;cTR_10_000120_00_KASUMI_U.webp
Genetic Apex;Blaine;♦♦;cTR_10_000130_00_KATSURA_U.webp
Genetic Apex;Koga;♦♦;cTR_10_000140_00_KYOU_U.webp
Genetic Apex;Giovanni;♦♦;cTR_10_000150_00_SAKAKI_U.webp
Genetic Apex;Brock;♦♦;cTR_10_000160_00_TAKESHI_U.webp
Genetic Apex;Sabrina;♦♦;cTR_10_000170_00_NATSUME_U.webp
Genetic Apex;Lt. Surge;♦♦;cTR_10_000180_00_MATISSE_U.webp
Genetic Apex;Bulbasaur;★;cPK_20_000010_00_FUSHIGIDANE_AR.webp
Genetic Apex;Gloom;★;cPK_20_000120_00_KUSAIHANA_AR.webp
Genetic Apex;Pinsir;★;cPK_20_000260_00_KAILIOS_AR.webp
Genetic Apex;Charmander;★;cPK_20_000330_00_HITOKAGE_AR.webp
Genetic Apex;Rapidash;★;cPK_20_000430_00_GALLOP_AR.webp
Genetic Apex;Squirtle;★;cPK_20_000530_00_ZENIGAME_AR.webp
Genetic Apex;Gyarados;★;cPK_20_000780_00_GYARADOS_AR.webp
Genetic Apex;Lapras;★;cPK_20_000790_00_LAPLACE_AR.webp
Genetic Apex;Electrode;★;cPK_20_001000_00_MARUMINE_AR.webp
Genetic Apex;Alakazam;★;cPK_20_001170_00_FOODIN_AR.webp
Genetic Apex;Slowpoke;★;cPK_20_001180_00_YADON_AR.webp
Genetic Apex;Diglett;★;cPK_20_001390_00_DIGDA_AR.webp
Genetic Apex;Cubone;★;cPK_20_001510_00_KARAKARA_AR.webp
Genetic Apex;Nidoqueen;★;cPK_20_001680_00_NIDOQUEEN_AR.webp
Genetic Apex;Nidoking;★;cPK_20_001710_00_NIDOKING_AR.webp
Genetic Apex;Golbat;★;cPK_20_001730_00_GOLBAT_AR.webp
Genetic Apex;Weezing;★;cPK_20_001770_00_MATADOGAS_AR.webp
Genetic Apex;Dragonite;★;cPK_20_001850_00_KAIRYU_AR.webp
Genetic Apex;Pidgeot;★;cPK_20_001880_00_PIGEOT_AR.webp
Genetic Apex;Meowth;★;cPK_20_001960_00_NYARTH_AR.webp
Genetic Apex;Ditto;★;cPK_20_002050_00_METAMON_AR.webp
Genetic Apex;Eevee;★;cPK_20_002060_00_EIEVUI_AR.webp
Genetic Apex;Porygon;★;cPK_20_002070_00_PORYGON_AR.webp
Genetic Apex;Snorlax;★;cPK_20_002090_00_KABIGON_AR.webp
Mythical Island;Exeggcute;♦;cPK_10_002150_00_TAMATAMA_C.webp
Mythical Island;Exeggutor;♦♦;cPK_10_002160_00_NASSY_U.webp
Mythical Island;Celebi ex;♦♦♦♦;cPK_10_002170_00_CELEBIex_RR.webp
Mythical Island;Snivy;♦;cPK_10_002180_00_TSUTARJA_C.webp
Mythical Island;Servine;♦♦;cPK_10_002190_00_JANOVY_U.webp
Mythical Island;Serperior;♦♦♦;cPK_10_002200_00_JALORDA_R.webp
Mythical Island;Morelull;♦;cPK_10_002210_00_NEMASYU_C.webp
Mythical Island;Shiinotic;♦♦;cPK_10_002220_00_MASHADE_U.webp
Mythical Island;Dhelmise;♦♦;cPK_10_002230_00_DADARIN_U.webp
Mythical Island;Ponyta;♦;cPK_10_002240_00_PONYTA_C.webp
Mythical Island;Rapidash;♦♦;cPK_10_002250_00_GALLOP_U.webp
Mythical Island;Magmar;♦♦;cPK_10_002260_00_BOOBER_U.webp
Mythical Island;Larvesta;♦;cPK_10_002270_00_MERLARVA_C.webp
Mythical Island;Volcarona;♦♦♦;cPK_10_002280_00_ULGAMOTH_R.webp
Mythical Island;Salandit;♦;cPK_10_002290_00_YATOUMORI_C.webp
Mythical Island;Salazzle;♦;cPK_10_002300_00_ENNEWT_C.webp
Mythical Island;Magikarp;♦;cPK_10_002310_00_KOIKING_C.webp
Mythical Island;Gyarados ex;♦♦♦♦;cPK_10_002320_00_GYARADOSex_RR.webp
Mythical Island;Vaporeon;♦♦♦;cPK_10_002330_00_SHOWERS_R.webp
Mythical Island;Finneon;♦;cPK_10_002340_00_KEIKOUO_C.webp
Mythical Island;Lumineon;♦♦;cPK_10_002350_00_NEOLANT_U.webp
Mythical Island;Chewtle;♦;cPK_10_002360_00_KAMUKAME_C.webp
Mythical Island;Drednaw;♦♦;cPK_10_002370_00_KAJIRIGAME_U.webp
Mythical Island;Cramorant;♦;cPK_10_002380_00_UU_C.webp
Mythical Island;Pikachu;♦;cPK_10_002390_00_PIKACHU_C.webp
Mythical Island;Raichu;♦♦♦;cPK_10_002400_00_RAICHU_R.webp
Mythical Island;Electabuzz;♦♦;cPK_10_002410_00_ELEBOO_U.webp
Mythical Island;Joltik;♦;cPK_10_002420_00_BACHURU_C.webp
Mythical Island;Galvantula;♦♦;cPK_10_002430_00_DENTULA_U.webp
Mythical Island;Dedenne;♦;cPK_10_002440_00_DEDENNE_C.webp
Mythical Island;Mew;♦♦♦;cPK_10_002140_00_MEW_R.webp
Mythical Island;Mew ex;♦♦♦♦;cPK_10_002450_00_MEWex_RR.webp
Mythical Island;Sigilyph;♦♦;cPK_10_002460_00_SYMBOLER_U.webp
Mythical Island;Elgyem;♦;cPK_10_002470_00_LIGRAY_C.webp
Mythical Island;Beheeyem;♦♦;cPK_10_002500_00_OHBEM_U.webp
Mythical Island;Flabébé;♦;cPK_10_002510_00_FLABEBE_C.webp
Mythical Island;Floette;♦;cPK_10_002520_00_FLOETTE_C.webp
Mythical Island;Florges;♦♦;cPK_10_002480_00_FLORGES_U.webp
Mythical Island;Swirlix;♦;cPK_10_002490_00_PEROPPAFU_C.webp
Mythical Island;Slurpuff;♦;cPK_10_002530_00_PEROREAM_C.webp
Mythical Island;Mankey;♦;cPK_10_002540_00_MANKEY_C.webp
Mythical Island;Primeape;♦;cPK_10_002550_00_OKORIZARU_C.webp
Mythical Island;Geodude;♦;cPK_10_002560_00_ISITSUBUTE_C.webp
Mythical Island;Graveler;♦♦;cPK_10_002570_00_GOLONE_U.webp
Mythical Island;Golem;♦♦♦;cPK_10_002580_00_GOLONYA_R.webp
Mythical Island;Aerodactyl ex;♦♦♦♦;cPK_10_002590_00_PTERAex_RR.webp
Mythical Island;Marshadow;♦♦♦;cPK_10_002600_00_MARSHADOW_R.webp
Mythical Island;Stonjourner;♦♦;cPK_10_002610_00_ISHIHENGIN_U.webp
Mythical Island;Koffing;♦;cPK_10_002620_00_DOGARS_C.webp
Mythical Island;Weezing;♦♦;cPK_10_002630_00_MATADOGAS_U.webp
Mythical Island;Purrloin;♦;cPK_10_002640_00_CHORONEKO_C.webp
Mythical Island;Liepard;♦;cPK_10_002650_00_LEPARDAS_C.webp
Mythical Island;Venipede;♦;cPK_10_002660_00_FUSHIDE_C.webp
Mythical Island;Whirlipede;♦;cPK_10_002670_00_WHEEGA_C.webp
Mythical Island;Scolipede;♦♦;cPK_10_002680_00_PENDROR_U.webp
Mythical Island;Druddigon;♦♦;cPK_10_002690_00_CRIMGAN_U.webp
Mythical Island;Pidgey;♦;cPK_10_002700_00_POPPO_C.webp
Mythical Island;Pidgeotto;♦;cPK_10_002710_00_PIGEON_C.webp
Mythical Island;Pidgeot ex;♦♦♦♦;cPK_10_002720_00_PIGEOTex_RR.webp
Mythical Island;Tauros;♦♦♦;cPK_10_002730_00_KENTAUROS_R.webp
Mythical Island;Eevee;♦;cPK_10_002740_00_EIEVUI_C.webp
Mythical Island;Chatot;♦;cPK_10_002750_00_PERAP_C.webp
Mythical Island;Old Amber;♦;cTR_10_000100_00_HIMITSUNOKOHAKU_C.webp
Mythical Island;Pokémon Flute;♦♦;cTR_10_000200_00_POKEMONNOFUE_U.webp
Mythical Island;Mythical Slab;♦♦;cTR_10_000190_00_MABOROSHINOSEKIBAN_U.webp
Mythical Island;Budding Expeditioner;♦♦;cTR_10_000220_00_KAKEDASHICHOSAIN_U.webp
Mythical Island;Blue;♦♦;cTR_10_000210_00_GREEN_U.webp
Mythical Island;Leaf;♦♦;cTR_10_000230_00_LEAF_U.webp
Mythical Island;Exeggutor;★;cPK_20_002160_00_NASSY_AR.webp
Mythical Island;Serperior;★;cPK_20_002200_00_JALORDA_AR.webp
Mythical Island;Salandit;★;cPK_20_002290_00_YATOUMORI_AR.webp
Mythical Island;Vaporeon;★;cPK_20_002330_00_SHOWERS_AR.webp
Mythical Island;Dedenne;★;cPK_20_002440_00_DEDENNE_AR.webp
Mythical Island;Marshadow;★;cPK_20_002600_00_MARSHADOW_AR.webp
Space-Time Smackdown;Oddish;♦;cPK_10_002820_00_NAZONOKUSA_C.webp
Space-Time Smackdown;Gloom;♦;cPK_10_002830_00_KUSAIHANA_C.webp
Space-Time Smackdown;Bellossom;♦♦;cPK_10_002840_00_KIREIHANA_U.webp
Space-Time Smackdown;Tangela;♦;cPK_10_002850_00_MONJARA_C.webp
Space-Time Smackdown;Tangrowth;♦♦;cPK_10_002860_00_MOJUMBO_U.webp
Space-Time Smackdown;Yanma;♦;cPK_10_002870_00_YANYANMA_C.webp
Space-Time Smackdown;Yanmega ex;♦♦♦♦;cPK_10_002880_00_MEGAYANMAex_RR.webp
Space-Time Smackdown;Roselia;♦;cPK_10_002890_00_ROSELIA_C.webp
Space-Time Smackdown;Roserade;♦♦;cPK_10_002900_00_ROSERADE_U.webp
Space-Time Smackdown;Turtwig;♦;cPK_10_002910_00_NAETLE_C.webp
Space-Time Smackdown;Grotle;♦♦;cPK_10_002920_00_HAYASHIGAME_U.webp
Space-Time Smackdown;Torterra;♦♦♦;cPK_10_002930_00_DODAITOSE_R.webp
Space-Time Smackdown;Kricketot;♦;cPK_10_002940_00_KOROBOHSHI_C.webp
Space-Time Smackdown;Kricketune;♦;cPK_10_002950_00_KOROTOCK_C.webp
Space-Time Smackdown;Burmy;♦;cPK_10_002960_00_MINOMUCCHI_C.webp
Space-Time Smackdown;Wormadam 16;♦;cPK_10_002970_00_MINOMADAMKUSAKINOMINO_C.webp
Space-Time Smackdown;Combee;♦;cPK_10_002980_00_MITSUHONEY_C.webp
Space-Time Smackdown;Vespiquen;♦♦;cPK_10_002990_00_BEEQUEN_U.webp
Space-Time Smackdown;Carnivine;♦♦;cPK_10_003000_00_MUSKIPPA_U.webp
Space-Time Smackdown;Leafeon;♦♦♦;cPK_10_003010_00_LEAFIA_R.webp
Space-Time Smackdown;Mow Rotom;♦;cPK_10_003020_00_CUT ROTOM_C.webp
Space-Time Smackdown;Shaymin;♦♦♦;cPK_10_003030_00_SHAYMIN_R.webp
Space-Time Smackdown;Magmar;♦;cPK_10_003040_00_BOOBER_C.webp
Space-Time Smackdown;Magmortar;♦♦♦;cPK_10_003050_00_BOOBURN_R.webp
Space-Time Smackdown;Slugma;♦;cPK_10_003060_00_MAGMAG_C.webp
Space-Time Smackdown;Magcargo;♦♦;cPK_10_003070_00_MAGCARGOT_U.webp
Space-Time Smackdown;Chimchar;♦;cPK_10_003080_00_HIKOZARU_C.webp
Space-Time Smackdown;Monferno;♦♦;cPK_10_003090_00_MOUKAZARU_U.webp
Space-Time Smackdown;Infernape ex;♦♦♦♦;cPK_10_003100_00_GOUKAZARUex_RR.webp
Space-Time Smackdown;Heat Rotom;♦;cPK_10_003110_00_HEAT ROTOM_C.webp
Space-Time Smackdown;Swinub;♦;cPK_10_003120_00_URIMOO_C.webp
Space-Time Smackdown;Piloswine;♦♦;cPK_10_003130_00_INOMOO_U.webp
Space-Time Smackdown;Mamoswine;♦♦♦;cPK_10_003140_00_MAMMOO_R.webp
Space-Time Smackdown;Regice;♦♦;cPK_10_003150_00_REGICE_U.webp
Space-Time Smackdown;Piplup;♦;cPK_10_003160_00_POCHAMA_C.webp
Space-Time Smackdown;Prinplup;♦♦;cPK_10_003170_00_POTTAISHI_U.webp
Space-Time Smackdown;Empoleon;♦♦♦;cPK_10_003180_00_EMPERTE_R.webp
Space-Time Smackdown;Buizel;♦;cPK_10_003190_00_BUOYSEL_C.webp
Space-Time Smackdown;Floatzel;♦♦;cPK_10_003200_00_FLOAZEL_U.webp
Space-Time Smackdown;Shellos;♦;cPK_10_003210_00_KARANAKUSHI_C.webp
Space-Time Smackdown;Gastrodon;♦♦;cPK_10_003220_00_TRITODON_U.webp
Space-Time Smackdown;Finneon;♦;cPK_10_003230_00_KEIKOUO_C.webp
Space-Time Smackdown;Lumineon;♦♦;cPK_10_003240_00_NEOLANT_U.webp
Space-Time Smackdown;Snover;♦;cPK_10_003250_00_YUKIKABURI_C.webp
Space-Time Smackdown;Abomasnow;♦♦;cPK_10_003260_00_YUKINOOH_U.webp
Space-Time Smackdown;Glaceon;♦♦♦;cPK_10_003270_00_GLACIA_R.webp
Space-Time Smackdown;Wash Rotom;♦;cPK_10_003280_00_WASH ROTOM_C.webp
Space-Time Smackdown;Frost Rotom;♦;cPK_10_003290_00_FROST ROTOM_C.webp
Space-Time Smackdown;Palkia ex;♦♦♦♦;cPK_10_003300_00_PALKIAex_RR.webp
Space-Time Smackdown;Manaphy;♦♦;cPK_10_003310_00_MANAPHY_U.webp
Space-Time Smackdown;Magnemite;♦;cPK_10_003320_00_COIL_C.webp
Space-Time Smackdown;Magneton;♦♦;cPK_10_003330_00_RARECOIL_U.webp
Space-Time Smackdown;Magnezone;♦♦♦;cPK_10_003340_00_JIBACOIL_R.webp
Space-Time Smackdown;Voltorb;♦;cPK_10_003350_00_BIRIRIDAMA_C.webp
Space-Time Smackdown;Electrode;♦♦;cPK_10_003360_00_MARUMINE_U.webp
Space-Time Smackdown;Electabuzz;♦;cPK_10_003370_00_ELEBOO_C.webp
Space-Time Smackdown;Electivire;♦♦♦;cPK_10_003380_00_ELEKIBLE_R.webp
Space-Time Smackdown;Shinx;♦;cPK_10_003390_00_KOLINK_C.webp
Space-Time Smackdown;Luxio;♦♦;cPK_10_003400_00_LUXIO_U.webp
Space-Time Smackdown;Luxray;♦♦♦;cPK_10_003410_00_RENTORAR_R.webp
Space-Time Smackdown;Pachirisu ex;♦♦♦♦;cPK_10_003420_00_PACHIRISUex_RR.webp
Space-Time Smackdown;Rotom;♦;cPK_10_003430_00_ROTOM_C.webp
Space-Time Smackdown;Togepi;♦;cPK_10_003440_00_TOGEPY_C.webp
Space-Time Smackdown;Togetic;♦♦;cPK_10_003450_00_TOGECHICK_U.webp
Space-Time Smackdown;Togekiss;♦♦♦;cPK_10_003460_00_TOGEKISS_R.webp
Space-Time Smackdown;Misdreavus;♦;cPK_10_003470_00_MUMA_C.webp
Space-Time Smackdown;Mismagius ex;♦♦♦♦;cPK_10_003480_00_MUMARGIex_RR.webp
Space-Time Smackdown;Ralts;♦;cPK_10_003490_00_RALTS_C.webp
Space-Time Smackdown;Kirlia;♦;cPK_10_003500_00_KIRLIA_C.webp
Space-Time Smackdown;Duskull;♦;cPK_10_003510_00_YOMAWARU_C.webp
Space-Time Smackdown;Dusclops;♦♦;cPK_10_003520_00_SAMAYOURU_U.webp
Space-Time Smackdown;Dusknoir;♦♦♦;cPK_10_003530_00_YONOIR_R.webp
Space-Time Smackdown;Drifloon;♦;cPK_10_003540_00_FUWANTE_C.webp
Space-Time Smackdown;Drifblim;♦♦;cPK_10_003550_00_FUWARIDE_U.webp
Space-Time Smackdown;Uxie;♦♦;cPK_10_003560_00_YUXIE_U.webp
Space-Time Smackdown;Mesprit;♦♦♦;cPK_10_003570_00_EMRIT_R.webp
Space-Time Smackdown;Azelf;♦♦;cPK_10_003580_00_AGNOME_U.webp
Space-Time Smackdown;Giratina;♦♦♦;cPK_10_003590_00_ORIGINGIRATINA_R.webp
Space-Time Smackdown;Cresselia;♦♦♦;cPK_10_003600_00_CRESSELIA_R.webp
Space-Time Smackdown;Rhyhorn;♦;cPK_10_003610_00_SIHORN_C.webp
Space-Time Smackdown;Rhydon;♦♦;cPK_10_003620_00_SIDON_U.webp
Space-Time Smackdown;Rhyperior;♦♦♦;cPK_10_003630_00_DOSIDON_R.webp
Space-Time Smackdown;Gligar;♦;cPK_10_003640_00_GLIGER_C.webp
Space-Time Smackdown;Gliscor;♦♦;cPK_10_003650_00_GLION_U.webp
Space-Time Smackdown;Hitmontop;♦;cPK_10_003660_00_KAPOERER_C.webp
Space-Time Smackdown;Nosepass;♦;cPK_10_003670_00_NOSEPASS_C.webp
Space-Time Smackdown;Regirock;♦♦;cPK_10_003680_00_REGIROCK_U.webp
Space-Time Smackdown;Cranidos;♦♦;cPK_10_003690_00_ZUGAIDOS_U.webp
Space-Time Smackdown;Rampardos;♦♦♦;cPK_10_003700_00_RAMPALD_R.webp
Space-Time Smackdown;Wormadam 90;♦;cPK_10_003710_00_MINOMADAMSUNACHINOMINO_C.webp
Space-Time Smackdown;Riolu;♦;cPK_10_003720_00_RIOLU_C.webp
Space-Time Smackdown;Lucario;♦♦♦;cPK_10_003730_00_LUCARIO_R.webp
Space-Time Smackdown;Hippopotas;♦;cPK_10_003740_00_HIPPOPOTAS_C.webp
Space-Time Smackdown;Hippowdon;♦♦;cPK_10_003750_00_KABALDON_U.webp
Space-Time Smackdown;Gallade ex;♦♦♦♦;cPK_10_003760_00_ERUREIDOex_RR.webp
Space-Time Smackdown;Murkrow;♦;cPK_10_003770_00_YAMIKARASU_C.webp
Space-Time Smackdown;Honchkrow;♦♦;cPK_10_003780_00_DONGKARASU_U.webp
Space-Time Smackdown;Sneasel;♦;cPK_10_003790_00_NYULA_C.webp
Space-Time Smackdown;Weavile ex;♦♦♦♦;cPK_10_003800_00_MANYULAex_RR.webp
Space-Time Smackdown;Poochyena;♦;cPK_10_003810_00_POCHIENA_C.webp
Space-Time Smackdown;Mightyena;♦♦;cPK_10_003820_00_GRAENA_U.webp
Space-Time Smackdown;Stunky;♦;cPK_10_003830_00_SKUNPUU_C.webp
Space-Time Smackdown;Skuntank;♦♦;cPK_10_003840_00_SKUTANK_U.webp
Space-Time Smackdown;Spiritomb;♦♦;cPK_10_003850_00_MIKARUGE_U.webp
Space-Time Smackdown;Skorupi;♦;cPK_10_003860_00_SCORUPI_C.webp
Space-Time Smackdown;Drapion;♦♦;cPK_10_003870_00_DORAPION_U.webp
Space-Time Smackdown;Croagunk;♦;cPK_10_003880_00_GUREGGRU_C.webp
Space-Time Smackdown;Toxicroak;♦♦;cPK_10_003890_00_DOKUROG_U.webp
Space-Time Smackdown;Darkrai;♦♦♦;cPK_10_003900_00_DARKRAI_R.webp
Space-Time Smackdown;Darkrai ex;♦♦♦♦;cPK_10_003910_00_DARKRAIex_RR.webp
Space-Time Smackdown;Skarmory;♦♦;cPK_10_003920_00_AIRMD_U.webp
Space-Time Smackdown;Registeel;♦♦;cPK_10_003930_00_REGISTEEL_U.webp
Space-Time Smackdown;Shieldon;♦♦;cPK_10_003940_00_TATETOPS_U.webp
Space-Time Smackdown;Bastiodon;♦♦♦;cPK_10_003950_00_TORIDEPS_R.webp
Space-Time Smackdown;Wormadam 115;♦;cPK_10_003960_00_MINOMADAMGOMINOMINO_C.webp
Space-Time Smackdown;Bronzor;♦;cPK_10_003970_00_DOHMIRROR_C.webp
Space-Time Smackdown;Bronzong;♦♦;cPK_10_003980_00_DOHTAKUN_U.webp
Space-Time Smackdown;Probopass;♦♦;cPK_10_003990_00_DAINOSE_U.webp
Space-Time Smackdown;Dialga ex;♦♦♦♦;cPK_10_004000_00_DIALGAex_RR.webp
Space-Time Smackdown;Heatran;♦♦♦;cPK_10_004010_00_HEATRAN_R.webp
Space-Time Smackdown;Gible;♦;cPK_10_004020_00_FUKAMARU_C.webp
Space-Time Smackdown;Gabite;♦♦;cPK_10_004030_00_GABITE_U.webp
Space-Time Smackdown;Garchomp;♦♦♦;cPK_10_004040_00_GABURIAS_R.webp
Space-Time Smackdown;Lickitung;♦;cPK_10_004050_00_BERORINGA_C.webp
Space-Time Smackdown;Lickilicky ex;♦♦♦♦;cPK_10_004060_00_BEROBELTex_RR.webp
Space-Time Smackdown;Eevee;♦;cPK_10_004070_00_EIEVUI_C.webp
Space-Time Smackdown;Porygon;♦;cPK_10_004080_00_PORYGON_C.webp
Space-Time Smackdown;Porygon2;♦♦;cPK_10_004090_00_PORYGON2_U.webp
Space-Time Smackdown;Porygon-Z;♦♦♦;cPK_10_004100_00_PORYGON-Z_R.webp
Space-Time Smackdown;Aipom;♦;cPK_10_004110_00_EIPAM_C.webp
Space-Time Smackdown;Ambipom;♦;cPK_10_004120_00_ETEBOTH_C.webp
Space-Time Smackdown;Starly;♦;cPK_10_004130_00_MUKKURU_C.webp
Space-Time Smackdown;Staravia;♦;cPK_10_004140_00_MUKUBIRD_C.webp
Space-Time Smackdown;Staraptor;♦♦;cPK_10_004150_00_MUKUHAWK_U.webp
Space-Time Smackdown;Bidoof;♦;cPK_10_004160_00_BIPPA_C.webp
Space-Time Smackdown;Bibarel;♦;cPK_10_004170_00_BEADARU_C.webp
Space-Time Smackdown;Buneary;♦;cPK_10_004180_00_MIMIROL_C.webp
Space-Time Smackdown;Lopunny;♦;cPK_10_004190_00_MIMILOP_C.webp
Space-Time Smackdown;Glameow;♦;cPK_10_004200_00_NYARMAR_C.webp
Space-Time Smackdown;Purugly;♦♦;cPK_10_004210_00_BUNYATTO_U.webp
Space-Time Smackdown;Chatot;♦;cPK_10_004220_00_PERAP_C.webp
Space-Time Smackdown;Fan Rotom;♦;cPK_10_004230_00_SPIN ROTOM_C.webp
Space-Time Smackdown;Regigigas;♦♦♦;cPK_10_004240_00_REGIGIGAS_R.webp
Space-Time Smackdown;Skull Fossil;♦;cTR_10_000260_00_ZUGAINOKASEKI_C.webp
Space-Time Smackdown;Armor Fossil;♦;cTR_10_000270_00_TATENOKASEKI_C.webp
Space-Time Smackdown;Pokémon Communication;♦♦;cTR_10_000280_00_POKEMONTSUUSHIN_U.webp
Space-Time Smackdown;Giant Cape;♦♦;cTR_10_000290_00_OOKINAMANTO_U.webp
Space-Time Smackdown;Rocky Helmet;♦♦;cTR_10_000300_00_GOTSUGOTSUMETTO_U.webp
Space-Time Smackdown;Lum Berry;♦♦;cTR_10_000310_00_RAMUNOMI_U.webp
Space-Time Smackdown;Cyrus;♦♦;cTR_10_000320_00_AKAGI_U.webp
Space-Time Smackdown;Team Galactic Grunt;♦♦;cTR_10_000330_00_GINGADANNOSHITAPPA_U.webp
Space-Time Smackdown;Cynthia;♦♦;cTR_10_000340_00_SHIRONA_U.webp
Space-Time Smackdown;Volkner;♦♦;cTR_10_000350_00_DENZI_U.webp
Space-Time Smackdown;Dawn;♦♦;cTR_10_000360_00_HIKARI_U.webp
Space-Time Smackdown;Mars;♦♦;cTR_10_000370_00_MARS_U.webp
Space-Time Smackdown;Tangrowth;★;cPK_20_002860_00_MOJUMBO_AR.webp
Space-Time Smackdown;Combee;★;cPK_20_002980_00_MITSUHONEY_AR.webp
Space-Time Smackdown;Carnivine;★;cPK_20_003000_00_MUSKIPPA_AR.webp
Space-Time Smackdown;Shaymin;★;cPK_20_003030_00_SHAYMIN_AR.webp
Space-Time Smackdown;Mamoswine;★;cPK_20_003140_00_MAMMOO_AR.webp
Space-Time Smackdown;Gastrodon;★;cPK_20_003220_00_TRITODON_AR.webp
Space-Time Smackdown;Manaphy;★;cPK_20_003310_00_MANAPHY_AR.webp
Space-Time Smackdown;Shinx;★;cPK_20_003390_00_KOLINK_AR.webp
Space-Time Smackdown;Rotom;★;cPK_20_003430_00_ROTOM_AR.webp
Space-Time Smackdown;Drifloon;★;cPK_20_003540_00_FUWANTE_AR.webp
Space-Time Smackdown;Mesprit;★;cPK_20_003570_00_EMRIT_AR.webp
Space-Time Smackdown;Giratina;★;cPK_20_003590_00_ORIGINGIRATINA_AR.webp
Space-Time Smackdown;Cresselia;★;cPK_20_003600_00_CRESSELIA_AR.webp
Space-Time Smackdown;Rhyperior;★;cPK_20_003630_00_DOSIDON_AR.webp
Space-Time Smackdown;Lucario;★;cPK_20_003730_00_LUCARIO_AR.webp
Space-Time Smackdown;Hippopotas;★;cPK_20_003740_00_HIPPOPOTAS_AR.webp
Space-Time Smackdown;Spiritomb;★;cPK_20_003850_00_MIKARUGE_AR.webp
Space-Time Smackdown;Croagunk;★;cPK_20_003880_00_GUREGGRU_AR.webp
Space-Time Smackdown;Heatran;★;cPK_20_004010_00_HEATRAN_AR.webp
Space-Time Smackdown;Garchomp;★;cPK_20_004040_00_GABURIAS_AR.webp
Space-Time Smackdown;Staraptor;★;cPK_20_004150_00_MUKUHAWK_AR.webp
Space-Time Smackdown;Bidoof;★;cPK_20_004160_00_BIPPA_AR.webp
Space-Time Smackdown;Glameow;★;cPK_20_004200_00_NYARMAR_AR.webp
Space-Time Smackdown;Regigigas;★;cPK_20_004240_00_REGIGIGAS_AR.webp
Triumphant Light;Heracross;♦♦;cPK_10_004250_00_HERACROS_U.webp
Triumphant Light;Burmy;♦;cPK_10_004260_00_MINOMUCCHI_C.webp
Triumphant Light;Mothim;♦♦;cPK_10_004270_00_GAMALE_U.webp
Triumphant Light;Combee;♦;cPK_10_004280_00_MITSUHONEY_C.webp
Triumphant Light;Vespiquen;♦♦;cPK_10_004290_00_BEEQUEN_U.webp
Triumphant Light;Cherubi;♦;cPK_10_004300_00_CHERINBO_C.webp
Triumphant Light;Cherrim 7;♦♦;cPK_10_004310_00_CHERRIM_U.webp
Triumphant Light;Cherrim 8;♦♦;cPK_10_004320_00_CHERRIM_U.webp
Triumphant Light;Carnivine;♦♦♦;cPK_10_004330_00_MUSKIPPA_R.webp
Triumphant Light;Leafeon ex;♦♦♦♦;cPK_10_004340_00_LEAFIAex_RR.webp
Triumphant Light;Houndour;♦;cPK_10_004350_00_DELVIL_C.webp
Triumphant Light;Houndoom;♦♦;cPK_10_004360_00_HELLGAR_U.webp
Triumphant Light;Heatran;♦♦♦;cPK_10_004370_00_HEATRAN_R.webp
Triumphant Light;Marill;♦;cPK_10_004380_00_MARIL_C.webp
Triumphant Light;Azumarill;♦;cPK_10_004390_00_MARILLI_C.webp
Triumphant Light;Barboach;♦;cPK_10_004400_00_DOJOACH_C.webp
Triumphant Light;Whiscash;♦♦;cPK_10_004410_00_NAMAZUN_U.webp
Triumphant Light;Snorunt;♦;cPK_10_004420_00_YUKIWARASHI_C.webp
Triumphant Light;Froslass;♦♦;cPK_10_004430_00_YUKIMENOKO_U.webp
Triumphant Light;Snover;♦;cPK_10_004440_00_YUKIKABURI_C.webp
Triumphant Light;Abomasnow;♦♦♦;cPK_10_004450_00_YUKINOOH_R.webp
Triumphant Light;Glaceon ex;♦♦♦♦;cPK_10_004460_00_GLACIAex_RR.webp
Triumphant Light;Palkia;♦♦♦;cPK_10_004470_00_ORIGINPALKIA_R.webp
Triumphant Light;Phione;♦♦;cPK_10_004480_00_PHIONE_U.webp
Triumphant Light;Pikachu;♦;cPK_10_004490_00_PIKACHU_C.webp
Triumphant Light;Raichu;♦♦♦;cPK_10_004500_00_RAICHU_R.webp
Triumphant Light;Electrike;♦;cPK_10_004510_00_RAKURAI_C.webp
Triumphant Light;Manectric;♦♦;cPK_10_004520_00_LIVOLT_U.webp
Triumphant Light;Clefairy;♦;cPK_10_004530_00_PIPPI_C.webp
Triumphant Light;Clefable;♦♦;cPK_10_004540_00_PIXY_U.webp
Triumphant Light;Gastly;♦;cPK_10_004550_00_GHOS_C.webp
Triumphant Light;Haunter;♦;cPK_10_004560_00_GHOST_C.webp
Triumphant Light;Gengar;♦♦;cPK_10_004570_00_GANGAR_U.webp
Triumphant Light;Unown;♦♦;cPK_10_004580_00_UNKNOWN_U.webp
Triumphant Light;Rotom;♦♦♦;cPK_10_004590_00_ROTOM_R.webp
Triumphant Light;Sudowoodo;♦♦;cPK_10_004600_00_USOKKIE_U.webp
Triumphant Light;Phanpy;♦;cPK_10_004610_00_GOMAZOU_C.webp
Triumphant Light;Donphan;♦♦;cPK_10_004620_00_DONFAN_U.webp
Triumphant Light;Larvitar;♦;cPK_10_004630_00_YOGIRAS_C.webp
Triumphant Light;Pupitar;♦♦;cPK_10_004640_00_SANAGIRAS_U.webp
Triumphant Light;Tyranitar;♦♦♦;cPK_10_004650_00_BANGIRAS_R.webp
Triumphant Light;Nosepass;♦;cPK_10_004660_00_NOSEPASS_C.webp
Triumphant Light;Meditite;♦;cPK_10_004670_00_ASANAN_C.webp
Triumphant Light;Medicham;♦♦;cPK_10_004680_00_CHAREM_U.webp
Triumphant Light;Gible;♦;cPK_10_004690_00_FUKAMARU_C.webp
Triumphant Light;Gabite;♦;cPK_10_004700_00_GABITE_C.webp
Triumphant Light;Garchomp ex;♦♦♦♦;cPK_10_004710_00_GABURIASex_RR.webp
Triumphant Light;Zubat;♦;cPK_10_004720_00_ZUBAT_C.webp
Triumphant Light;Golbat;♦;cPK_10_004730_00_GOLBAT_C.webp
Triumphant Light;Crobat;♦♦♦;cPK_10_004740_00_CROBAT_R.webp
Triumphant Light;Croagunk;♦;cPK_10_004750_00_GUREGGRU_C.webp
Triumphant Light;Toxicroak;♦♦;cPK_10_004760_00_DOKUROG_U.webp
Triumphant Light;Magnemite;♦;cPK_10_004770_00_COIL_C.webp
Triumphant Light;Magneton;♦;cPK_10_004780_00_RARECOIL_C.webp
Triumphant Light;Magnezone;♦♦♦;cPK_10_004790_00_JIBACOIL_R.webp
Triumphant Light;Mawile;♦;cPK_10_004800_00_KUCHEAT_C.webp
Triumphant Light;Probopass ex;♦♦♦♦;cPK_10_004810_00_DAINOSEex_RR.webp
Triumphant Light;Bronzor;♦;cPK_10_004820_00_DOHMIRROR_C.webp
Triumphant Light;Bronzong;♦♦;cPK_10_004830_00_DOHTAKUN_U.webp
Triumphant Light;Dialga;♦♦♦;cPK_10_004840_00_ORIGINDIALGA_R.webp
Triumphant Light;Giratina;♦♦♦;cPK_10_004850_00_GIRATINA_R.webp
Triumphant Light;Eevee;♦;cPK_10_004860_00_EIEVUI_C.webp
Triumphant Light;Snorlax;♦♦;cPK_10_004870_00_KABIGON_U.webp
Triumphant Light;Hoothoot;♦;cPK_10_004880_00_HOHO_C.webp
Triumphant Light;Noctowl;♦♦;cPK_10_004890_00_YORUNOZUKU_U.webp
Triumphant Light;Starly;♦;cPK_10_004900_00_MUKKURU_C.webp
Triumphant Light;Staravia;♦;cPK_10_004910_00_MUKUBIRD_C.webp
Triumphant Light;Staraptor;♦♦;cPK_10_004920_00_MUKUHAWK_U.webp
Triumphant Light;Shaymin;♦♦♦;cPK_10_004930_00_SHAYMIN_R.webp
Triumphant Light;Arceus;♦♦♦;cPK_10_004940_00_ARCEUS_R.webp
Triumphant Light;Arceus ex;♦♦♦♦;cPK_10_004950_00_ARCEUSex_RR.webp
Triumphant Light;Irida;♦♦;cTR_10_000380_00_KAI_U.webp
Triumphant Light;Celestic Town Elder;♦♦;cTR_10_000390_00_KANNAGITOWNNOTYOUROU_U.webp
Triumphant Light;Barry;♦♦;cTR_10_000400_00_JUN_U.webp
Triumphant Light;Adaman;♦♦;cTR_10_000410_00_SEKI_U.webp
Triumphant Light;Houndoom;★;cPK_20_004360_00_HELLGAR_AR.webp
Triumphant Light;Marill;★;cPK_20_004380_00_MARIL_AR.webp
Triumphant Light;Unown;★;cPK_20_004580_00_UNKNOWN_AR.webp
Triumphant Light;Sudowoodo;★;cPK_20_004600_00_USOKKIE_AR.webp
Triumphant Light;Magnemite;★;cPK_20_004770_00_COIL_AR.webp
Triumphant Light;Shaymin;★;cPK_20_004930_00_SHAYMIN_AR.webp
Shining Revelry;Weedle;♦;cPK_10_005210_00_BEEDLE_C.webp
Shining Revelry;Kakuna;♦♦;cPK_10_005220_00_COCOON_U.webp
Shining Revelry;Beedrill ex;♦♦♦♦;cPK_10_005230_00_SPEARex_RR.webp
Shining Revelry;Pinsir;♦;cPK_10_005240_00_KAILIOS_C.webp
Shining Revelry;Sprigatito;♦;cPK_10_005080_00_NYAHOJA_C.webp
Shining Revelry;Floragato;♦♦;cPK_10_005250_00_NYAROTE_U.webp
Shining Revelry;Meowscarada;♦♦♦;cPK_10_005260_00_MASQUERNYA_R.webp
Shining Revelry;Charmander;♦;cPK_10_005270_00_HITOKAGE_C.webp
Shining Revelry;Charmeleon;♦♦;cPK_10_005280_00_LIZARDO_U.webp
Shining Revelry;Charizard ex;♦♦♦♦;cPK_10_005290_00_LIZARDONex_RR.webp
Shining Revelry;Magmar;♦;cPK_10_005300_00_BOOBER_C.webp
Shining Revelry;Magmortar;♦♦♦;cPK_10_005310_00_BOOBURN_R.webp
Shining Revelry;Paldean Tauros;♦♦;cPK_10_005320_00_PALDEAKENTAUROS_U.webp
Shining Revelry;Tentacool;♦;cPK_10_005330_00_MENOKURAGE_C.webp
Shining Revelry;Tentacruel;♦♦;cPK_10_005340_00_DOKUKURAGE_U.webp
Shining Revelry;Buizel;♦;cPK_10_005350_00_BUOYSEL_C.webp
Shining Revelry;Floatzel;♦♦;cPK_10_005360_00_FLOAZEL_U.webp
Shining Revelry;Wiglett;♦;cPK_10_005370_00_UMIDIGDA_C.webp
Shining Revelry;Wugtrio ex;♦♦♦♦;cPK_10_005380_00_UMITRIOex_RR.webp
Shining Revelry;Dondozo;♦♦♦;cPK_10_005390_00_HEYRUSHER_R.webp
Shining Revelry;Tatsugiri;♦♦;cPK_10_005400_00_SYARITATSU_U.webp
Shining Revelry;Pikachu ex;♦♦♦♦;cPK_10_005410_00_PIKACHUex_RR.webp
Shining Revelry;Voltorb;♦;cPK_10_005420_00_BIRIRIDAMA_C.webp
Shining Revelry;Electrode;♦♦;cPK_10_005430_00_MARUMINE_U.webp
Shining Revelry;Pachirisu;♦♦;cPK_10_005060_00_PACHIRISU_U.webp
Shining Revelry;Pawmi;♦;cPK_10_005440_00_PAMO_C.webp
Shining Revelry;Pawmo;♦♦;cPK_10_005450_00_PAMOT_U.webp
Shining Revelry;Pawmot;♦♦♦;cPK_10_005010_00_PARMOT_R.webp
Shining Revelry;Abra;♦;cPK_10_005460_00_CASEY_C.webp
Shining Revelry;Kadabra;♦♦;cPK_10_005470_00_YUNGERER_U.webp
Shining Revelry;Alakazam;♦♦♦;cPK_10_005480_00_FOODIN_R.webp
Shining Revelry;Mr. Mime;♦;cPK_10_005490_00_BARRIERD_C.webp
Shining Revelry;Drifloon;♦;cPK_10_005500_00_FUWANTE_C.webp
Shining Revelry;Drifblim;♦♦;cPK_10_005510_00_FUWARIDE_U.webp
Shining Revelry;Giratina ex;♦♦♦♦;cPK_10_005520_00_GIRATINAex_RR.webp
Shining Revelry;Gimmighoul;♦;cPK_10_005530_00_COLLECUREI_C.webp
Shining Revelry;Machop;♦;cPK_10_005540_00_WANRIKY_C.webp
Shining Revelry;Machoke;♦;cPK_10_005550_00_GORIKY_C.webp
Shining Revelry;Machamp;♦♦♦;cPK_10_005020_00_KAIRIKY_R.webp
Shining Revelry;Hitmonlee;♦;cPK_10_005560_00_SAWAMULAR_C.webp
Shining Revelry;Hitmonchan;♦;cPK_10_005570_00_EBIWALAR_C.webp
Shining Revelry;Riolu;♦;cPK_10_005070_00_RIOLU_C.webp
Shining Revelry;Lucario ex;♦♦♦♦;cPK_10_005580_00_LUCARIOex_RR.webp
Shining Revelry;Flamigo;♦♦;cPK_10_005590_00_KARAMINGO_U.webp
Shining Revelry;Ekans;♦;cPK_10_005600_00_ARBO_C.webp
Shining Revelry;Arbok;♦♦;cPK_10_005610_00_ARBOK_U.webp
Shining Revelry;Paldean Wooper;♦;cPK_10_005620_00_PALDEAUPAH_C.webp
Shining Revelry;Paldean Clodsire ex;♦♦♦♦;cPK_10_005630_00_PALDEADOOHex_RR.webp
Shining Revelry;Spiritomb;♦♦;cPK_10_005640_00_MIKARUGE_U.webp
Shining Revelry;Shroodle;♦;cPK_10_005650_00_SHIRUSHREW_C.webp
Shining Revelry;Grafaiai;♦♦♦;cPK_10_005660_00_TAGGINGRU_R.webp
Shining Revelry;Tinkatink;♦;cPK_10_005670_00_KANUCHAN_C.webp
Shining Revelry;Tinkatuff;♦♦;cPK_10_005680_00_NAKANUCHAN_U.webp
Shining Revelry;Tinkaton ex;♦♦♦♦;cPK_10_005690_00_DEKANUCHANex_RR.webp
Shining Revelry;Varoom;♦;cPK_10_005700_00_BURORON_C.webp
Shining Revelry;Revavroom;♦♦;cPK_10_005710_00_BUROROROOM_U.webp
Shining Revelry;Gholdengo;♦♦♦;cPK_10_005720_00_SURFUGO_R.webp
Shining Revelry;Rattata;♦;cPK_10_005730_00_KORATTA_C.webp
Shining Revelry;Raticate;♦;cPK_10_005740_00_RATTA_C.webp
Shining Revelry;Jigglypuff;♦;cPK_10_005750_00_PURIN_C.webp
Shining Revelry;Wigglytuff;♦♦♦;cPK_10_005760_00_PUKURIN_R.webp
Shining Revelry;Lickitung;♦;cPK_10_005770_00_BERORINGA_C.webp
Shining Revelry;Lickilicky;♦;cPK_10_005780_00_BEROBELT_C.webp
Shining Revelry;Bidoof;♦;cPK_10_005040_00_BIPPA_C.webp
Shining Revelry;Bibarel ex;♦♦♦♦;cPK_10_005790_00_BEADARUex_RR.webp
Shining Revelry;Buneary;♦;cPK_10_005800_00_MIMIROL_C.webp
Shining Revelry;Lopunny;♦;cPK_10_005810_00_MIMILOP_C.webp
Shining Revelry;Cyclizar;♦♦;cPK_10_005090_00_MOTOTOKAGE_U.webp
Shining Revelry;Iono;♦♦;cTR_10_000420_00_NANJYAMO_U.webp
Shining Revelry;Pokémon Center Lady;♦♦;cTR_10_000430_00_POKEMONCENTERNOONEESAN_U.webp
Shining Revelry;Red;♦♦;cTR_10_000440_00_RED_U.webp
Shining Revelry;Team Rocket Grunt;♦♦;cTR_10_000450_00_ROCKETDANNOSHITAPPA_U.webp
Shining Revelry;Meowscarada;★;cPK_20_005260_00_MASQUERNYA_AR.webp
Shining Revelry;Buizel;★;cPK_20_005350_00_BUOYSEL_AR.webp
Shining Revelry;Tatsugiri;★;cPK_20_005400_00_SYARITATSU_AR.webp
Shining Revelry;Grafaiai;★;cPK_20_005660_00_TAGGINGRU_AR.webp
Shining Revelry;Gholdengo;★;cPK_20_005720_00_SURFUGO_AR.webp
Shining Revelry;Wigglytuff;★;cPK_20_005760_00_PUKURIN_AR.webp
Celestial Guardians;Exeggcute;♦;cPK_10_005820_00_TAMATAMA_C.webp
Celestial Guardians;Alolan Exeggutor;♦♦♦;cPK_10_005830_00_ALOLANASSY_R.webp
Celestial Guardians;Surskit;♦;cPK_10_005840_00_AMETAMA_C.webp
Celestial Guardians;Masquerain;♦♦;cPK_10_005850_00_AMEMOTH_U.webp
Celestial Guardians;Maractus;♦;cPK_10_005860_00_MARACACCHI_C.webp
Celestial Guardians;Karrablast;♦;cPK_10_005870_00_KABURUMO_C.webp
Celestial Guardians;Phantump;♦;cPK_10_005880_00_BOKUREI_C.webp
Celestial Guardians;Trevenant;♦♦;cPK_10_005890_00_OHROT_U.webp
Celestial Guardians;Rowlet 9;♦;cPK_10_005900_00_MOKUROH_C.webp
Celestial Guardians;Rowlet 10;♦;cPK_10_005910_00_MOKUROH_C.webp
Celestial Guardians;Dartrix;♦♦;cPK_10_005920_00_FUKUTHROW_U.webp
Celestial Guardians;Decidueye ex;♦♦♦♦;cPK_10_005930_00_JUNAIPERex_RR.webp
Celestial Guardians;Grubbin;♦;cPK_10_005940_00_AGOJIMUSHI_C.webp
Celestial Guardians;Fomantis;♦;cPK_10_005950_00_KARIKIRI_C.webp
Celestial Guardians;Lurantis;♦♦;cPK_10_005960_00_LALANTES_U.webp
Celestial Guardians;Morelull;♦;cPK_10_005970_00_NEMASYU_C.webp
Celestial Guardians;Shiinotic;♦♦;cPK_10_005980_00_MASHADE_U.webp
Celestial Guardians;Bounsweet;♦;cPK_10_005990_00_AMAKAJI_C.webp
Celestial Guardians;Steenee;♦♦;cPK_10_006000_00_AMAMAIKO_U.webp
Celestial Guardians;Tsareena;♦♦♦;cPK_10_006010_00_AMAJO_R.webp
Celestial Guardians;Wimpod;♦;cPK_10_006020_00_KOSOKUMUSHI_C.webp
Celestial Guardians;Golisopod;♦♦♦;cPK_10_006030_00_GUSOKUMUSHA_R.webp
Celestial Guardians;Dhelmise ex;♦♦♦♦;cPK_10_006040_00_DADARINex_RR.webp
Celestial Guardians;Tapu Bulu;♦♦♦;cPK_10_006050_00_KAPU-BULUL_R.webp
Celestial Guardians;Growlithe;♦;cPK_10_006060_00_GARDIE_C.webp
Celestial Guardians;Arcanine;♦♦;cPK_10_006070_00_WINDIE_U.webp
Celestial Guardians;Alolan Marowak;♦♦;cPK_10_006080_00_ALOLAGARAGARA_U.webp
Celestial Guardians;Fletchinder;♦;cPK_10_006090_00_HINOYAKOMA_C.webp
Celestial Guardians;Talonflame;♦♦♦;cPK_10_006100_00_FIARROW_R.webp
Celestial Guardians;Litten 30;♦;cPK_10_006110_00_NYABBY_C.webp
Celestial Guardians;Litten 31;♦;cPK_10_006120_00_NYABBY_C.webp
Celestial Guardians;Torracat;♦♦;cPK_10_006130_00_NYAHEAT_U.webp
Celestial Guardians;Incineroar ex;♦♦♦♦;cPK_10_006140_00_GAOGAENex_RR.webp
Celestial Guardians;Oricorio 34;♦♦;cPK_10_006150_00_ODORIDORIMERAMERASTYLE_U.webp
Celestial Guardians;Salandit;♦;cPK_10_006160_00_YATOUMORI_C.webp
Celestial Guardians;Salazzle;♦;cPK_10_006170_00_ENNEWT_C.webp
Celestial Guardians;Turtonator;♦♦♦;cPK_10_006180_00_BAKUGAMES_R.webp
Celestial Guardians;Alolan Sandshrew;♦;cPK_10_006190_00_ALOLASAND_C.webp
Celestial Guardians;Alolan Sandslash;♦♦;cPK_10_006200_00_ALOLASANDPAN_U.webp
Celestial Guardians;Alolan Vulpix;♦;cPK_10_006210_00_ALOLAROKON_C.webp
Celestial Guardians;Alolan Ninetales;♦♦♦;cPK_10_006220_00_ALOLAKYUKON_R.webp
Celestial Guardians;Shellder;♦;cPK_10_006230_00_SHELLDER_C.webp
Celestial Guardians;Cloyster;♦♦;cPK_10_006240_00_PARSHEN_U.webp
Celestial Guardians;Lapras;♦♦;cPK_10_006250_00_LAPLACE_U.webp
Celestial Guardians;Popplio 45;♦;cPK_10_006260_00_ASHIMARI_C.webp
Celestial Guardians;Popplio 46;♦;cPK_10_006270_00_ASHIMARI_C.webp
Celestial Guardians;Brionne;♦♦;cPK_10_006280_00_OSYAMARI_U.webp
Celestial Guardians;Primarina;♦♦♦;cPK_10_006290_00_ASHIRENE_R.webp
Celestial Guardians;Crabominable ex;♦♦♦♦;cPK_10_006300_00_KEKENKANIex_RR.webp
Celestial Guardians;Wishiwashi;♦;cPK_10_006310_00_YOWASHITANDOKUNOSUGATA_C.webp
Celestial Guardians;Wishiwashi ex;♦♦♦♦;cPK_10_006320_00_YOWASHIMURETASUGATA_RR.webp
Celestial Guardians;Dewpider;♦;cPK_10_006330_00_SHIZUKUMO_C.webp
Celestial Guardians;Araquanid;♦♦;cPK_10_006340_00_ONISHIZUKUMO_U.webp
Celestial Guardians;Pyukumuku;♦;cPK_10_006350_00_NAMAKOBUSHI_C.webp
Celestial Guardians;Bruxish;♦;cPK_10_006360_00_HAGIGISHIRI_C.webp
Celestial Guardians;Tapu Fini;♦♦♦;cPK_10_006370_00_KAPU-REHIRE_R.webp
Celestial Guardians;Pikachu;♦;cPK_10_006380_00_PIKACHU_C.webp
Celestial Guardians;Alolan Raichu ex;♦♦♦♦;cPK_10_006390_00_ALOLARAICHUex_RR.webp
Celestial Guardians;Alolan Geodude;♦;cPK_10_006400_00_ALOLAISITSUBUTE_C.webp
Celestial Guardians;Alolan Graveler;♦♦;cPK_10_006410_00_ALOLAGOLONE_U.webp
Celestial Guardians;Alolan Golem;♦♦♦;cPK_10_006420_00_ALOLAGOLONYA_R.webp
Celestial Guardians;Helioptile;♦;cPK_10_006430_00_ERIKITERU_C.webp
Celestial Guardians;Heliolisk;♦;cPK_10_006440_00_ELEZARD_C.webp
Celestial Guardians;Charjabug;♦♦;cPK_10_006450_00_DENDIMUSHI_U.webp
Celestial Guardians;Vikavolt;♦♦♦;cPK_10_006460_00_KUWAGANNON_R.webp
Celestial Guardians;Oricorio;♦♦♦;cPK_10_006470_00_ODORIDORIPACHIPACHISTYLE_R.webp
Celestial Guardians;Togedemaru;♦;cPK_10_006480_00_TOGEDEMARU_C.webp
Celestial Guardians;Tapu Koko;♦♦♦;cPK_10_006490_00_KAPU-KOKEKO_R.webp
Celestial Guardians;Mr. Mime;♦♦;cPK_10_006500_00_BARRIERD_U.webp
Celestial Guardians;Sableye;♦♦;cPK_10_006510_00_YAMIRAMI_U.webp
Celestial Guardians;Spoink;♦;cPK_10_006520_00_BANEBOO_C.webp
Celestial Guardians;Grumpig;♦♦;cPK_10_006530_00_BOOPIG_U.webp
Celestial Guardians;Lunatone;♦;cPK_10_006540_00_LUNATONE_C.webp
Celestial Guardians;Shuppet;♦;cPK_10_006550_00_KAGEBOUZU_C.webp
Celestial Guardians;Banette;♦;cPK_10_006560_00_JUPPETA_C.webp
Celestial Guardians;Oricorio 76;♦♦;cPK_10_006570_00_ODORIDORIFURAFURASTYLE_U.webp
Celestial Guardians;Oricorio 77;♦♦;cPK_10_006580_00_ODORIDORIMAIMAISTYLE_U.webp
Celestial Guardians;Cutiefly;♦;cPK_10_006590_00_ABULY_C.webp
Celestial Guardians;Ribombee;♦;cPK_10_006600_00_ABURIBBON_C.webp
Celestial Guardians;Comfey;♦♦♦;cPK_10_006610_00_CUWAWA_R.webp
Celestial Guardians;Sandygast;♦;cPK_10_006620_00_SUNABA_C.webp
Celestial Guardians;Palossand;♦♦♦;cPK_10_006630_00_SIRODETHNA_R.webp
Celestial Guardians;Mimikyu;♦;cPK_10_006640_00_MIMIKKYU_C.webp
Celestial Guardians;Tapu Lele;♦♦♦;cPK_10_006650_00_KAPU-TETEFU_R.webp
Celestial Guardians;Cosmog;♦;cPK_10_006660_00_COSMOG_C.webp
Celestial Guardians;Cosmoem;♦♦;cPK_10_006670_00_COSMOVUM_U.webp
Celestial Guardians;Lunala ex;♦♦♦♦;cPK_10_006680_00_LUNALAex_RR.webp
Celestial Guardians;Necrozma;♦♦♦;cPK_10_006690_00_NECROZMA_R.webp
Celestial Guardians;Cubone;♦;cPK_10_006700_00_KARAKARA_C.webp
Celestial Guardians;Makuhita;♦;cPK_10_006710_00_MAKUNOSHITA_C.webp
Celestial Guardians;Hariyama;♦♦;cPK_10_006720_00_HARITEYAMA_U.webp
Celestial Guardians;Solrock;♦;cPK_10_006730_00_SOLROCK_C.webp
Celestial Guardians;Drilbur;♦;cPK_10_006740_00_MOGUREW_C.webp
Celestial Guardians;Timburr;♦;cPK_10_006750_00_DOKKORER_C.webp
Celestial Guardians;Gurdurr;♦♦;cPK_10_006760_00_DOTEKKOTSU_U.webp
Celestial Guardians;Conkeldurr;♦♦♦;cPK_10_006770_00_ROUBUSHIN_R.webp
Celestial Guardians;Crabrawler;♦;cPK_10_006780_00_MAKENKANI_C.webp
Celestial Guardians;Rockruff 98;♦;cPK_10_006790_00_IWANKO_C.webp
Celestial Guardians;Rockruff 99;♦;cPK_10_006800_00_IWANKO_C.webp
Celestial Guardians;Lycanroc 100;♦♦♦;cPK_10_006810_00_LUGARUGANMAHIRUNOSUGATA_R.webp
Celestial Guardians;Lycanroc 101;♦♦♦;cPK_10_006820_00_LUGARUGANMAYONAKANOSUGATA_R.webp
Celestial Guardians;Mudbray;♦;cPK_10_006830_00_DOROBANKO_C.webp
Celestial Guardians;Mudsdale;♦♦;cPK_10_006840_00_BANBADORO_U.webp
Celestial Guardians;Passimian ex;♦♦♦♦;cPK_10_006850_00_NAGETUKESARUex_RR.webp
Celestial Guardians;Minior;♦♦;cPK_10_006860_00_METENOAKAIRONOCORE_U.webp
Celestial Guardians;Alolan Rattata;♦;cPK_10_006870_00_ALOLAKORATTA_C.webp
Celestial Guardians;Alolan Raticate;♦♦;cPK_10_006880_00_ALOLARATTA_U.webp
Celestial Guardians;Alolan Meowth;♦;cPK_10_006890_00_ALOLANYARTH_C.webp
Celestial Guardians;Alolan Persian;♦♦♦;cPK_10_006900_00_ALOLAPERSIAN_R.webp
Celestial Guardians;Alolan Grimer;♦;cPK_10_006910_00_ALOLABETBETER_C.webp
Celestial Guardians;Alolan Muk ex;♦♦♦♦;cPK_10_006920_00_ALOLABETBETONex_RR.webp
Celestial Guardians;Absol;♦♦♦;cPK_10_006930_00_ABSOL_R.webp
Celestial Guardians;Trubbish;♦;cPK_10_006940_00_YABUKURON_C.webp
Celestial Guardians;Garbodor;♦♦;cPK_10_006950_00_DUSTDAS_U.webp
Celestial Guardians;Mareanie;♦;cPK_10_006960_00_HIDOIDE_C.webp
Celestial Guardians;Toxapex;♦;cPK_10_006970_00_DOHIDOIDE_C.webp
Celestial Guardians;Alolan Diglett;♦;cPK_10_006980_00_ALOLADIGDA_C.webp
Celestial Guardians;Alolan Dugtrio;♦;cPK_10_006990_00_ALOLADUGTRIO_C.webp
Celestial Guardians;Excadrill;♦♦;cPK_10_007000_00_DORYUZU_U.webp
Celestial Guardians;Escavalier;♦♦;cPK_10_007010_00_CHEVARGO_U.webp
Celestial Guardians;Klefki;♦♦♦;cPK_10_007020_00_CLEFFY_R.webp
Celestial Guardians;Solgaleo ex;♦♦♦♦;cPK_10_007030_00_SOLGALEOex_RR.webp
Celestial Guardians;Magearna;♦♦♦;cPK_10_007040_00_MAGEARNA_R.webp
Celestial Guardians;Drampa;♦♦♦;cPK_10_007050_00_JIJILONG_R.webp
Celestial Guardians;Jangmo-o;♦;cPK_10_007060_00_JYARAKO_C.webp
Celestial Guardians;Hakamo-o;♦♦;cPK_10_007070_00_JYARANGO_U.webp
Celestial Guardians;Kommo-o;♦♦♦;cPK_10_007080_00_JYARARANGA_R.webp
Celestial Guardians;Tauros;♦♦;cPK_10_007090_00_KENTAUROS_U.webp
Celestial Guardians;Skitty;♦;cPK_10_007100_00_ENECO_C.webp
Celestial Guardians;Delcatty;♦♦;cPK_10_007110_00_ENEKORORO_U.webp
Celestial Guardians;Fletchling;♦;cPK_10_007120_00_YAYAKOMA_C.webp
Celestial Guardians;Hawlucha;♦♦;cPK_10_007130_00_LUCHABULL_U.webp
Celestial Guardians;Pikipek;♦;cPK_10_007140_00_TSUTSUKERA_C.webp
Celestial Guardians;Trumbeak;♦;cPK_10_007150_00_KERARAPPA_C.webp
Celestial Guardians;Toucannon;♦♦;cPK_10_007160_00_DODEKABASHI_U.webp
Celestial Guardians;Yungoos;♦;cPK_10_007170_00_YOUNGOOSE_C.webp
Celestial Guardians;Gumshoos;♦;cPK_10_007180_00_DEKAGOOSE_C.webp
Celestial Guardians;Stufful;♦;cPK_10_007190_00_NUIKOGUMA_C.webp
Celestial Guardians;Bewear;♦♦♦;cPK_10_007200_00_KITERUGUMA_R.webp
Celestial Guardians;Oranguru;♦♦♦;cPK_10_007210_00_YAREYUUTAN_R.webp
Celestial Guardians;Komala;♦♦;cPK_10_007220_00_NEKKOARA_U.webp
Celestial Guardians;Big Malasada;♦♦;cTR_10_000460_00_OOKIIMARASADA_U.webp
Celestial Guardians;Fishing Net;♦♦;cTR_10_000470_00_OSAKANANETTO_U.webp
Celestial Guardians;Rare Candy;♦♦;cTR_10_000480_00_FUSHIGINAAME_U.webp
Celestial Guardians;Rotom Dex;♦♦;cTR_10_000490_00_ROTOMUZUKAN_U.webp
Celestial Guardians;Poison Barb;♦♦;cTR_10_000500_00_DOKUBARI_U.webp
Celestial Guardians;Leaf Cape;♦♦;cTR_10_000510_00_LEAFMANTO_U.webp
Celestial Guardians;Acerola;♦♦;cTR_10_000520_00_ACEROLA_U.webp
Celestial Guardians;Ilima;♦♦;cTR_10_000530_00_ILIMA_U.webp
Celestial Guardians;Kiawe;♦♦;cTR_10_000540_00_KAKI_U.webp
Celestial Guardians;Guzma;♦♦;cTR_10_000550_00_GUZUMA_U.webp
Celestial Guardians;Lana;♦♦;cTR_10_000560_00_SUIREN_U.webp
Celestial Guardians;Sophocles;♦♦;cTR_10_000570_00_MAMANE_U.webp
Celestial Guardians;Mallow;♦♦;cTR_10_000580_00_MAO_U.webp
Celestial Guardians;Lillie;♦♦;cTR_10_000590_00_LILIE_U.webp
Celestial Guardians;Alolan Exeggutor;★;cPK_20_005830_00_ALOLANASSY_AR.webp
Celestial Guardians;Morelull;★;cPK_20_005970_00_NEMASYU_AR.webp
Celestial Guardians;Tsareena;★;cPK_20_006010_00_AMAJO_AR.webp
Celestial Guardians;Tapu Bulu;★;cPK_20_006050_00_KAPU-BULUL_AR.webp
Celestial Guardians;Alolan Marowak;★;cPK_20_006080_00_ALOLAGARAGARA_AR.webp
Celestial Guardians;Turtonator;★;cPK_20_006180_00_BAKUGAMES_AR.webp
Celestial Guardians;Alolan Vulpix;★;cPK_20_006210_00_ALOLAROKON_AR.webp
Celestial Guardians;Pyukumuku;★;cPK_20_006350_00_NAMAKOBUSHI_AR.webp
Celestial Guardians;Tapu Fini;★;cPK_20_006370_00_KAPU-REHIRE_AR.webp
Celestial Guardians;Oricorio;★;cPK_20_006470_00_ODORIDORIPACHIPACHISTYLE_AR.webp
Celestial Guardians;Tapu Koko;★;cPK_20_006490_00_KAPU-KOKEKO_AR.webp
Celestial Guardians;Cutiefly;★;cPK_20_006590_00_ABULY_AR.webp
Celestial Guardians;Comfey;★;cPK_20_006610_00_CUWAWA_AR.webp
Celestial Guardians;Sandygast;★;cPK_20_006620_00_SUNABA_AR.webp
Celestial Guardians;Tapu Lele;★;cPK_20_006650_00_KAPU-TETEFU_AR.webp
Celestial Guardians;Cosmog;★;cPK_20_006660_00_COSMOG_AR.webp
Celestial Guardians;Rockruff;★;cPK_20_006790_00_IWANKO_AR.webp
Celestial Guardians;Mudsdale;★;cPK_20_006840_00_BANBADORO_AR.webp
Celestial Guardians;Minior;★;cPK_20_006860_00_METENOAKAIRONOCORE_AR.webp
Celestial Guardians;Magearna;★;cPK_20_007040_00_MAGEARNA_AR.webp
Celestial Guardians;Drampa;★;cPK_20_007050_00_JIJILONG_AR.webp
Celestial Guardians;Pikipek;★;cPK_20_007140_00_TSUTSUKERA_AR.webp
Celestial Guardians;Bewear;★;cPK_20_007200_00_KITERUGUMA_AR.webp
Celestial Guardians;Komala;★;cPK_20_007220_00_NEKKOARA_AR.webp
Extradimensional Crisis;Petilil;♦;cPK_10_007430_00_CHURINE_C.webp
Extradimensional Crisis;Lilligant;♦;cPK_10_007440_00_DREDEAR_C.webp
Extradimensional Crisis;Rowlet;♦;cPK_10_007450_00_MOKUROH_C.webp
Extradimensional Crisis;Dartrix;♦♦;cPK_10_007460_00_FUKUTHROW_U.webp
Extradimensional Crisis;Decidueye;♦♦♦;cPK_10_007470_00_JUNAIPER_R.webp
Extradimensional Crisis;Buzzwole ex;♦♦♦♦;cPK_10_007480_00_MASSIVOONex_RR.webp
Extradimensional Crisis;Pheromosa;♦♦;cPK_10_007490_00_PHEROACHE_U.webp
Extradimensional Crisis;Kartana;♦;cPK_10_007250_00_KAMITURUGI_C.webp
Extradimensional Crisis;Blacephalon;♦♦;cPK_10_007260_00_ZUGADOON_U.webp
Extradimensional Crisis;Mantine;♦;cPK_10_007500_00_MANTAIN_C.webp
Extradimensional Crisis;Carvanha;♦;cPK_10_007510_00_KIBANHA_C.webp
Extradimensional Crisis;Sharpedo;♦♦;cPK_10_007520_00_SAMEHADER_U.webp
Extradimensional Crisis;Shinx;♦;cPK_10_007530_00_KOLINK_C.webp
Extradimensional Crisis;Luxio;♦;cPK_10_007540_00_LUXIO_C.webp
Extradimensional Crisis;Luxray;♦♦♦;cPK_10_007550_00_RENTORAR_R.webp
Extradimensional Crisis;Blitzle;♦;cPK_10_007560_00_SHIMAMA_C.webp
Extradimensional Crisis;Zebstrika;♦;cPK_10_007570_00_ZEBRAIKA_C.webp
Extradimensional Crisis;Emolga;♦;cPK_10_007580_00_EMOLGA_C.webp
Extradimensional Crisis;Tapu Koko ex;♦♦♦♦;cPK_10_007420_00_KAPU-KOKEKOex_RR.webp
Extradimensional Crisis;Xurkitree;♦♦;cPK_10_007270_00_DENJYUMOKU_U.webp
Extradimensional Crisis;Zeraora;♦♦♦;cPK_10_007410_00_ZERAORA_R.webp
Extradimensional Crisis;Clefairy;♦;cPK_10_007590_00_PIPPI_C.webp
Extradimensional Crisis;Clefable;♦♦;cPK_10_007600_00_PIXY_U.webp
Extradimensional Crisis;Phantump;♦;cPK_10_007610_00_BOKUREI_C.webp
Extradimensional Crisis;Trevenant;♦;cPK_10_007620_00_OHROT_C.webp
Extradimensional Crisis;Morelull;♦;cPK_10_007630_00_NEMASYU_C.webp
Extradimensional Crisis;Shiinotic;♦♦♦;cPK_10_007640_00_MASHADE_R.webp
Extradimensional Crisis;Meditite;♦;cPK_10_007650_00_ASANAN_C.webp
Extradimensional Crisis;Medicham;♦♦;cPK_10_007660_00_CHAREM_U.webp
Extradimensional Crisis;Baltoy;♦;cPK_10_007670_00_YAJILON_C.webp
Extradimensional Crisis;Claydol;♦♦;cPK_10_007680_00_NENDOLL_U.webp
Extradimensional Crisis;Rockruff;♦;cPK_10_007690_00_IWANKO_C.webp
Extradimensional Crisis;Lycanroc ex;♦♦♦♦;cPK_10_007700_00_LUGARUGANTASOGARENOSUGATA_RR.webp
Extradimensional Crisis;Passimian;♦;cPK_10_007710_00_NAGETUKESARU_C.webp
Extradimensional Crisis;Sandygast;♦;cPK_10_007720_00_SUNABA_C.webp
Extradimensional Crisis;Palossand;♦♦;cPK_10_007730_00_SIRODETHNA_U.webp
Extradimensional Crisis;Alolan Meowth;♦;cPK_10_007740_00_ALOLANYARTH_C.webp
Extradimensional Crisis;Alolan Persian;♦♦;cPK_10_007750_00_ALOLAPERSIAN_U.webp
Extradimensional Crisis;Sandile;♦;cPK_10_007760_00_MEGUROCO_C.webp
Extradimensional Crisis;Krokorok;♦;cPK_10_007770_00_WARUVILE_C.webp
Extradimensional Crisis;Krookodile;♦♦;cPK_10_007780_00_WARUVIAL_U.webp
Extradimensional Crisis;Nihilego;♦♦♦;cPK_10_007790_00_UTUROID_R.webp
Extradimensional Crisis;Guzzlord ex;♦♦♦♦;cPK_10_007800_00_AKUZIKINGex_RR.webp
Extradimensional Crisis;Poipole;♦;cPK_10_007370_00_BEVENOM_C.webp
Extradimensional Crisis;Naganadel;♦♦♦;cPK_10_007810_00_AGOYON_R.webp
Extradimensional Crisis;Alolan Diglett;♦;cPK_10_007820_00_ALOLADIGDA_C.webp
Extradimensional Crisis;Alolan Dugtrio ex;♦♦♦♦;cPK_10_007830_00_ALOLADUGTRIOex_RR.webp
Extradimensional Crisis;Aron;♦;cPK_10_007840_00_COKODORA_C.webp
Extradimensional Crisis;Lairon;♦;cPK_10_007850_00_KODORA_C.webp
Extradimensional Crisis;Aggron;♦♦;cPK_10_007860_00_BOSSGODORA_U.webp
Extradimensional Crisis;Ferroseed;♦;cPK_10_007870_00_TESSEED_C.webp
Extradimensional Crisis;Ferrothorn;♦♦;cPK_10_007880_00_NUTREY_U.webp
Extradimensional Crisis;Stakataka;♦♦;cPK_10_007300_00_TUNDETUNDE_U.webp
Extradimensional Crisis;Lillipup;♦;cPK_10_007890_00_YORTERRIE_C.webp
Extradimensional Crisis;Herdier;♦;cPK_10_007900_00_HERDERRIE_C.webp
Extradimensional Crisis;Stoutland;♦♦;cPK_10_007910_00_MOOLAND_U.webp
Extradimensional Crisis;Stufful;♦;cPK_10_007380_00_NUIKOGUMA_C.webp
Extradimensional Crisis;Bewear;♦♦;cPK_10_007920_00_KITERUGUMA_U.webp
Extradimensional Crisis;Oranguru;♦;cPK_10_007930_00_YAREYUUTAN_C.webp
Extradimensional Crisis;Type: Null;♦♦;cPK_10_007940_00_TYPENULL_U.webp
Extradimensional Crisis;Silvally;♦♦♦;cPK_10_007950_00_SILVADY_R.webp
Extradimensional Crisis;Celesteela;♦♦♦;cPK_10_007960_00_TEKKAGUYA_R.webp
Extradimensional Crisis;Beast Wall;♦♦;cTR_10_000600_00_BISUTOWORU_U.webp
Extradimensional Crisis;Repel;♦♦;cTR_10_000610_00_MUSHIYOKESUPUREI_U.webp
Extradimensional Crisis;Electrical Cord;♦♦;cTR_10_000620_00_EREKIKORD_U.webp
Extradimensional Crisis;Beastite;♦♦;cTR_10_000630_00_BISUTONAITO_U.webp
Extradimensional Crisis;Gladion;♦♦;cTR_10_000640_00_GLAZIO_U.webp
Extradimensional Crisis;Looker;♦♦;cTR_10_000650_00_HANDSOME_U.webp
Extradimensional Crisis;Lusamine;♦♦;cTR_10_000660_00_LUSAMINE_U.webp
Extradimensional Crisis;Rowlet;★;cPK_20_007450_00_MOKUROH_AR.webp
Extradimensional Crisis;Pheromosa;★;cPK_20_007490_00_PHEROACHE_AR.webp
Extradimensional Crisis;Blacephalon;★;cPK_20_007260_00_ZUGADOON_AR.webp
Extradimensional Crisis;Alolan Meowth;★;cPK_20_007740_00_ALOLANYARTH_AR.webp
Extradimensional Crisis;Silvally;★;cPK_20_007950_00_SILVADY_AR.webp
Extradimensional Crisis;Celesteela;★;cPK_20_007960_00_TEKKAGUYA_AR.webp
Eevee Grove;Tropius;♦♦;cPK_10_007970_00_TROPIUS_U.webp
Eevee Grove;Leafeon;♦♦♦;cPK_10_007980_00_LEAFIA_R.webp
Eevee Grove;Bounsweet;♦;cPK_10_007990_00_AMAKAJI_C.webp
Eevee Grove;Steenee;♦;cPK_10_008000_00_AMAMAIKO_C.webp
Eevee Grove;Tsareena;♦♦;cPK_10_008010_00_AMAJO_U.webp
Eevee Grove;Applin;♦;cPK_10_008020_00_KAJICCHU_C.webp
Eevee Grove;Appletun;♦♦;cPK_10_008030_00_TARUPPLE_U.webp
Eevee Grove;Flareon;♦♦♦;cPK_10_008040_00_BOOSTER_R.webp
Eevee Grove;Flareon ex;♦♦♦♦;cPK_10_008050_00_BOOSTERex_RR.webp
Eevee Grove;Torkoal;♦;cPK_10_008060_00_COTOISE_C.webp
Eevee Grove;Litten;♦;cPK_10_008070_00_NYABBY_C.webp
Eevee Grove;Torracat;♦;cPK_10_008080_00_NYAHEAT_C.webp
Eevee Grove;Incineroar;♦♦;cPK_10_008090_00_GAOGAEN_U.webp
Eevee Grove;Salandit;♦;cPK_10_008100_00_YATOUMORI_C.webp
Eevee Grove;Salazzle;♦♦;cPK_10_008110_00_ENNEWT_U.webp
Eevee Grove;Vaporeon;♦♦♦;cPK_10_008120_00_SHOWERS_R.webp
Eevee Grove;Glaceon;♦♦♦;cPK_10_008130_00_GLACIA_R.webp
Eevee Grove;Vanillite;♦;cPK_10_007320_00_VANIPETI_C.webp
Eevee Grove;Vanillish;♦;cPK_10_008140_00_VANIRICH_C.webp
Eevee Grove;Vanilluxe;♦♦;cPK_10_008150_00_BAIVANILLA_U.webp
Eevee Grove;Alomomola;♦;cPK_10_008160_00_MAMANBOU_C.webp
Eevee Grove;Popplio;♦;cPK_10_008170_00_ASHIMARI_C.webp
Eevee Grove;Brionne;♦;cPK_10_008180_00_OSYAMARI_C.webp
Eevee Grove;Primarina ex;♦♦♦♦;cPK_10_008190_00_ASHIRENEex_RR.webp
Eevee Grove;Jolteon;♦♦♦;cPK_10_007330_00_THUNDERS_R.webp
Eevee Grove;Joltik;♦;cPK_10_008200_00_BACHURU_C.webp
Eevee Grove;Galvantula;♦♦;cPK_10_008210_00_DENTULA_U.webp
Eevee Grove;Espeon;♦♦♦;cPK_10_008220_00_EIFIE_R.webp
Eevee Grove;Woobat;♦;cPK_10_008230_00_KOROMORI_C.webp
Eevee Grove;Swoobat;♦♦;cPK_10_008240_00_KOKOROMORI_U.webp
Eevee Grove;Swirlix;♦;cPK_10_008250_00_PEROPPAFU_C.webp
Eevee Grove;Slurpuff;♦♦;cPK_10_008260_00_PEROREAM_U.webp
Eevee Grove;Sylveon;♦♦♦;cPK_10_008270_00_NYMPHIA_R.webp
Eevee Grove;Sylveon ex;♦♦♦♦;cPK_10_008280_00_NYMPHIAex_RR.webp
Eevee Grove;Mimikyu;♦♦;cPK_10_008290_00_MIMIKKYU_U.webp
Eevee Grove;Milcery;♦;cPK_10_008300_00_MAHOMIL_C.webp
Eevee Grove;Alcremie;♦♦;cPK_10_007340_00_MAWHIP_U.webp
Eevee Grove;Barboach;♦;cPK_10_008310_00_DOJOACH_C.webp
Eevee Grove;Whiscash;♦♦;cPK_10_008320_00_NAMAZUN_U.webp
Eevee Grove;Mienfoo;♦;cPK_10_008330_00_KOJOFU_C.webp
Eevee Grove;Mienshao;♦♦;cPK_10_008340_00_KOJONDO_U.webp
Eevee Grove;Carbink;♦;cPK_10_008350_00_MELECIE_C.webp
Eevee Grove;Umbreon;♦♦♦;cPK_10_008360_00_BRACKY_R.webp
Eevee Grove;Sableye;♦;cPK_10_008370_00_YAMIRAMI_C.webp
Eevee Grove;Purrloin;♦;cPK_10_008380_00_CHORONEKO_C.webp
Eevee Grove;Liepard;♦♦;cPK_10_008390_00_LEPARDAS_U.webp
Eevee Grove;Mawile;♦;cPK_10_008400_00_KUCHEAT_C.webp
Eevee Grove;Togedemaru;♦;cPK_10_007390_00_TOGEDEMARU_C.webp
Eevee Grove;Meltan;♦;cPK_10_008410_00_MELTAN_C.webp
Eevee Grove;Melmetal;♦♦;cPK_10_008420_00_MELMETAL_U.webp
Eevee Grove;Dratini;♦;cPK_10_008430_00_MINIRYU_C.webp
Eevee Grove;Dragonair;♦;cPK_10_008440_00_HAKURYU_C.webp
Eevee Grove;Dragonite ex;♦♦♦♦;cPK_10_008450_00_KAIRYUex_RR.webp
Eevee Grove;Drampa;♦♦;cPK_10_008460_00_JIJILONG_U.webp
Eevee Grove;Eevee;♦;cPK_10_008470_00_EIEVUI_C.webp
Eevee Grove;Eevee ex;♦♦♦♦;cPK_10_008480_00_EIEVUIex_RR.webp
Eevee Grove;Snorlax ex;♦♦♦♦;cPK_10_008490_00_KABIGONex_RR.webp
Eevee Grove;Aipom;♦;cPK_10_008500_00_EIPAM_C.webp
Eevee Grove;Ambipom;♦♦;cPK_10_008510_00_ETEBOTH_U.webp
Eevee Grove;Chatot;♦;cPK_10_008520_00_PERAP_C.webp
Eevee Grove;Audino;♦;cPK_10_008530_00_TABUNNE_C.webp
Eevee Grove;Minccino;♦;cPK_10_008540_00_CHILLARMY_C.webp
Eevee Grove;Cinccino;♦♦;cPK_10_008550_00_CHILLACCINO_U.webp
Eevee Grove;Skwovet;♦;cPK_10_008560_00_HOSHIGARISU_C.webp
Eevee Grove;Greedent;♦♦;cPK_10_007400_00_YOKUBARISU_U.webp
Eevee Grove;Eevee Bag;♦♦;cTR_10_000670_00_IIBUINOBAKKU_U.webp
Eevee Grove;Leftovers;♦♦;cTR_10_000680_00_TABENOKOSHI_U.webp
Eevee Grove;Hau;♦♦;cTR_10_000690_00_HAU_U.webp
Eevee Grove;Penny;♦♦;cTR_10_000700_00_BOTAN_U.webp
Eevee Grove;Leafeon;★;cPK_20_007980_00_LEAFIA_AR.webp
Eevee Grove;Flareon;★;cPK_20_008040_00_BOOSTER_AR.webp
Eevee Grove;Vaporeon;★;cPK_20_008120_00_SHOWERS_AR.webp
Eevee Grove;Glaceon;★;cPK_20_008130_00_GLACIA_AR.webp
Eevee Grove;Jolteon;★;cPK_20_007330_00_THUNDERS_AR.webp
Eevee Grove;Espeon;★;cPK_20_008220_00_EIFIE_AR.webp
Eevee Grove;Sylveon;★;cPK_20_008270_00_NYMPHIA_AR.webp
Eevee Grove;Umbreon;★;cPK_20_008360_00_BRACKY_AR.webp
Eevee Grove;Eevee;★;cPK_20_008470_00_EIEVUI_AR.webp
Wisdom of Sea and Sky;Oddish;♦;cPK_10_008570_00_NAZONOKUSA_C.webp
Wisdom of Sea and Sky;Gloom;♦♦;cPK_10_008580_00_KUSAIHANA_U.webp
Wisdom of Sea and Sky;Bellossom;♦♦♦;cPK_10_008590_00_KIREIHANA_R.webp
Wisdom of Sea and Sky;Tangela;♦;cPK_10_008600_00_MONJARA_C.webp
Wisdom of Sea and Sky;Tangrowth;♦♦♦;cPK_10_008610_00_MOJUMBO_R.webp
Wisdom of Sea and Sky;Scyther;♦;cPK_10_008620_00_STRIKE_C.webp
Wisdom of Sea and Sky;Pinsir;♦;cPK_10_008630_00_KAILIOS_C.webp
Wisdom of Sea and Sky;Chikorita;♦;cPK_10_008640_00_CHICORITA_C.webp
Wisdom of Sea and Sky;Bayleef;♦♦;cPK_10_008650_00_BAYLEAF_U.webp
Wisdom of Sea and Sky;Meganium;♦♦♦;cPK_10_008660_00_MEGANIUM_R.webp
Wisdom of Sea and Sky;Ledyba;♦;cPK_10_008670_00_REDIBA_C.webp
Wisdom of Sea and Sky;Ledian;♦;cPK_10_008680_00_REDIAN_C.webp
Wisdom of Sea and Sky;Hoppip;♦;cPK_10_008690_00_HANECCO_C.webp
Wisdom of Sea and Sky;Skiploom;♦♦;cPK_10_008700_00_POPOCCO_U.webp
Wisdom of Sea and Sky;Jumpluff;♦♦♦;cPK_10_008710_00_WATACCO_R.webp
Wisdom of Sea and Sky;Sunkern;♦;cPK_10_008720_00_HIMANUTS_C.webp
Wisdom of Sea and Sky;Sunflora;♦♦;cPK_10_008730_00_KIMAWARI_U.webp
Wisdom of Sea and Sky;Yanma;♦;cPK_10_008740_00_YANYANMA_C.webp
Wisdom of Sea and Sky;Yanmega;♦♦;cPK_10_008750_00_MEGAYANMA_U.webp
Wisdom of Sea and Sky;Pineco;♦;cPK_10_008760_00_KUNUGIDAMA_C.webp
Wisdom of Sea and Sky;Shuckle ex;♦♦♦♦;cPK_10_008770_00_TSUBOTSUBOex_RR.webp
Wisdom of Sea and Sky;Heracross;♦♦♦;cPK_10_008780_00_HERACROS_R.webp
Wisdom of Sea and Sky;Cherubi;♦;cPK_10_008790_00_CHERINBO_C.webp
Wisdom of Sea and Sky;Cherrim;♦♦;cPK_10_008800_00_CHERRIM_U.webp
Wisdom of Sea and Sky;Vulpix;♦;cPK_10_008810_00_ROKON_C.webp
Wisdom of Sea and Sky;Ninetales;♦♦♦;cPK_10_008820_00_KYUKON_R.webp
Wisdom of Sea and Sky;Cyndaquil;♦;cPK_10_008830_00_HINOARASHI_C.webp
Wisdom of Sea and Sky;Quilava;♦♦;cPK_10_008840_00_MAGMARASHI_U.webp
Wisdom of Sea and Sky;Typhlosion;♦♦♦;cPK_10_008850_00_BAKPHOON_R.webp
Wisdom of Sea and Sky;Slugma;♦;cPK_10_008860_00_MAGMAG_C.webp
Wisdom of Sea and Sky;Magcargo;♦♦;cPK_10_008870_00_MAGCARGOT_U.webp
Wisdom of Sea and Sky;Magby;♦♦♦;cPK_10_008880_00_BUBY_R.webp
Wisdom of Sea and Sky;Entei;♦♦♦;cPK_10_008890_00_ENTEI_R.webp
Wisdom of Sea and Sky;Ho-Oh ex;♦♦♦♦;cPK_10_008900_00_HOUOUex_RR.webp
Wisdom of Sea and Sky;Darumaka;♦;cPK_10_008910_00_DARUMAKKA_C.webp
Wisdom of Sea and Sky;Darmanitan;♦♦;cPK_10_008920_00_HIHIDARUMA_U.webp
Wisdom of Sea and Sky;Heatmor;♦;cPK_10_008930_00_KUITARAN_C.webp
Wisdom of Sea and Sky;Poliwag;♦;cPK_10_008940_00_NYOROMO_C.webp
Wisdom of Sea and Sky;Poliwhirl;♦♦;cPK_10_008950_00_NYOROZO_U.webp
Wisdom of Sea and Sky;Politoed;♦♦♦;cPK_10_008960_00_NYOROTONO_R.webp
Wisdom of Sea and Sky;Horsea;♦;cPK_10_008970_00_TATTU_C.webp
Wisdom of Sea and Sky;Seadra;♦♦;cPK_10_008980_00_SEADRA_U.webp
Wisdom of Sea and Sky;Kingdra ex;♦♦♦♦;cPK_10_008990_00_KINGDRAex_RR.webp
Wisdom of Sea and Sky;Magikarp;♦;cPK_10_009000_00_KOIKING_C.webp
Wisdom of Sea and Sky;Gyarados;♦♦♦;cPK_10_009010_00_GYARADOS_R.webp
Wisdom of Sea and Sky;Totodile;♦;cPK_10_009020_00_WANINOKO_C.webp
Wisdom of Sea and Sky;Croconaw;♦♦;cPK_10_009030_00_ALLIGATES_U.webp
Wisdom of Sea and Sky;Feraligatr;♦♦♦;cPK_10_009040_00_ORDILE_R.webp
Wisdom of Sea and Sky;Marill;♦;cPK_10_009050_00_MARIL_C.webp
Wisdom of Sea and Sky;Azumarill;♦♦;cPK_10_009060_00_MARILLI_U.webp
Wisdom of Sea and Sky;Wooper;♦;cPK_10_009070_00_UPAH_C.webp
Wisdom of Sea and Sky;Quagsire;♦♦;cPK_10_009080_00_NUOH_U.webp
Wisdom of Sea and Sky;Qwilfish;♦♦;cPK_10_009090_00_HARYSEN_U.webp
Wisdom of Sea and Sky;Corsola;♦;cPK_10_009100_00_SUNNYGO_C.webp
Wisdom of Sea and Sky;Remoraid;♦;cPK_10_009110_00_TEPPOUO_C.webp
Wisdom of Sea and Sky;Octillery;♦♦♦;cPK_10_009120_00_OKUTANK_R.webp
Wisdom of Sea and Sky;Delibird;♦♦;cPK_10_009130_00_DELIBIRD_U.webp
Wisdom of Sea and Sky;Mantine;♦♦;cPK_10_009140_00_MANTAIN_U.webp
Wisdom of Sea and Sky;Suicune;♦♦♦;cPK_10_009150_00_SUICUNE_R.webp
Wisdom of Sea and Sky;Corphish;♦;cPK_10_009160_00_HEIGANI_C.webp
Wisdom of Sea and Sky;Crawdaunt;♦♦♦;cPK_10_009170_00_SHIZARIGER_R.webp
Wisdom of Sea and Sky;Ducklett;♦;cPK_10_009180_00_KOARUHIE_C.webp
Wisdom of Sea and Sky;Swanna;♦♦;cPK_10_009190_00_SWANNA_U.webp
Wisdom of Sea and Sky;Chinchou;♦;cPK_10_009200_00_CHONCHIE_C.webp
Wisdom of Sea and Sky;Lanturn ex;♦♦♦♦;cPK_10_009210_00_LANTERNex_RR.webp
Wisdom of Sea and Sky;Pichu;♦♦♦;cPK_10_009220_00_PICHU_R.webp
Wisdom of Sea and Sky;Mareep;♦;cPK_10_009230_00_MERRIEP_C.webp
Wisdom of Sea and Sky;Flaaffy;♦♦;cPK_10_009240_00_MOKOKO_U.webp
Wisdom of Sea and Sky;Ampharos;♦♦♦;cPK_10_009250_00_DENRYU_R.webp
Wisdom of Sea and Sky;Elekid;♦♦♦;cPK_10_009260_00_ELEKID_R.webp
Wisdom of Sea and Sky;Raikou;♦♦♦;cPK_10_009270_00_RAIKOU_R.webp
Wisdom of Sea and Sky;Emolga;♦;cPK_10_009280_00_EMOLGA_C.webp
Wisdom of Sea and Sky;Slowpoke;♦;cPK_10_009290_00_YADON_C.webp
Wisdom of Sea and Sky;Slowking;♦♦;cPK_10_009300_00_YADOKING_U.webp
Wisdom of Sea and Sky;Smoochum;♦♦♦;cPK_10_009310_00_MUCHUL_R.webp
Wisdom of Sea and Sky;Jynx;♦;cPK_10_009320_00_ROUGELA_C.webp
Wisdom of Sea and Sky;Cleffa;♦♦♦;cPK_10_009330_00_PY_R.webp
Wisdom of Sea and Sky;Togepi;♦;cPK_10_009340_00_TOGEPY_C.webp
Wisdom of Sea and Sky;Togetic;♦♦;cPK_10_009350_00_TOGECHICK_U.webp
Wisdom of Sea and Sky;Togekiss;♦♦♦;cPK_10_009360_00_TOGEKISS_R.webp
Wisdom of Sea and Sky;Natu;♦;cPK_10_009370_00_NATY_C.webp
Wisdom of Sea and Sky;Xatu;♦♦♦;cPK_10_009380_00_NATIO_R.webp
Wisdom of Sea and Sky;Espeon ex;♦♦♦♦;cPK_10_009390_00_EIFIEex_RR.webp
Wisdom of Sea and Sky;Unown 84;♦♦♦;cPK_10_009400_00_UNKNOWN_R.webp
Wisdom of Sea and Sky;Unown 85;♦♦♦;cPK_10_009410_00_UNKNOWN_R.webp
Wisdom of Sea and Sky;Wobbuffet;♦;cPK_10_009420_00_SONANS_C.webp
Wisdom of Sea and Sky;Girafarig;♦;cPK_10_009430_00_KIRINRIKI_C.webp
Wisdom of Sea and Sky;Snubbull;♦;cPK_10_009440_00_BULU_C.webp
Wisdom of Sea and Sky;Granbull;♦♦;cPK_10_009450_00_GRANBULU_U.webp
Wisdom of Sea and Sky;Munna;♦;cPK_10_009460_00_MUNNA_C.webp
Wisdom of Sea and Sky;Musharna;♦♦;cPK_10_009470_00_MUSHARNA_U.webp
Wisdom of Sea and Sky;Onix;♦;cPK_10_009480_00_IWARK_C.webp
Wisdom of Sea and Sky;Sudowoodo;♦;cPK_10_009490_00_USOKKIE_C.webp
Wisdom of Sea and Sky;Gligar;♦;cPK_10_009500_00_GLIGER_C.webp
Wisdom of Sea and Sky;Gliscor;♦♦;cPK_10_009510_00_GLION_U.webp
Wisdom of Sea and Sky;Swinub;♦;cPK_10_009520_00_URIMOO_C.webp
Wisdom of Sea and Sky;Piloswine;♦♦;cPK_10_009530_00_INOMOO_U.webp
Wisdom of Sea and Sky;Mamoswine;♦♦♦;cPK_10_009540_00_MAMMOO_R.webp
Wisdom of Sea and Sky;Phanpy;♦;cPK_10_009550_00_GOMAZOU_C.webp
Wisdom of Sea and Sky;Donphan ex;♦♦♦♦;cPK_10_009560_00_DONFANex_RR.webp
Wisdom of Sea and Sky;Tyrogue;♦♦♦;cPK_10_009570_00_BALKIE_R.webp
Wisdom of Sea and Sky;Hitmontop;♦;cPK_10_009580_00_KAPOERER_C.webp
Wisdom of Sea and Sky;Larvitar;♦;cPK_10_009590_00_YOGIRAS_C.webp
Wisdom of Sea and Sky;Pupitar;♦♦;cPK_10_009600_00_SANAGIRAS_U.webp
Wisdom of Sea and Sky;Binacle;♦;cPK_10_009610_00_KAMETETE_C.webp
Wisdom of Sea and Sky;Barbaracle;♦♦;cPK_10_009620_00_GAMENODES_U.webp
Wisdom of Sea and Sky;Zubat;♦;cPK_10_009630_00_ZUBAT_C.webp
Wisdom of Sea and Sky;Golbat;♦♦;cPK_10_009640_00_GOLBAT_U.webp
Wisdom of Sea and Sky;Crobat ex;♦♦♦♦;cPK_10_009650_00_CROBATex_RR.webp
Wisdom of Sea and Sky;Spinarak;♦;cPK_10_009660_00_ITOMARU_C.webp
Wisdom of Sea and Sky;Ariados;♦♦;cPK_10_009670_00_ARIADOS_U.webp
Wisdom of Sea and Sky;Umbreon ex;♦♦♦♦;cPK_10_009680_00_BRACKYex_RR.webp
Wisdom of Sea and Sky;Murkrow;♦;cPK_10_009690_00_YAMIKARASU_C.webp
Wisdom of Sea and Sky;Honchkrow;♦♦;cPK_10_009700_00_DONGKARASU_U.webp
Wisdom of Sea and Sky;Sneasel;♦;cPK_10_009710_00_NYULA_C.webp
Wisdom of Sea and Sky;Weavile;♦♦;cPK_10_009720_00_MANYULA_U.webp
Wisdom of Sea and Sky;Houndour;♦;cPK_10_009730_00_DELVIL_C.webp
Wisdom of Sea and Sky;Houndoom;♦♦;cPK_10_009740_00_HELLGAR_U.webp
Wisdom of Sea and Sky;Tyranitar;♦♦♦;cPK_10_009750_00_BANGIRAS_R.webp
Wisdom of Sea and Sky;Absol;♦♦;cPK_10_009760_00_ABSOL_U.webp
Wisdom of Sea and Sky;Forretress;♦♦;cPK_10_009770_00_FORETOS_U.webp
Wisdom of Sea and Sky;Steelix;♦♦♦;cPK_10_009780_00_HAGANEIL_R.webp
Wisdom of Sea and Sky;Scizor;♦♦♦;cPK_10_009790_00_HASSAM_R.webp
Wisdom of Sea and Sky;Skarmory ex;♦♦♦♦;cPK_10_009800_00_AIRMDex_RR.webp
Wisdom of Sea and Sky;Mawile;♦;cPK_10_009810_00_KUCHEAT_C.webp
Wisdom of Sea and Sky;Klink;♦;cPK_10_009820_00_GIARU_C.webp
Wisdom of Sea and Sky;Klang;♦♦;cPK_10_009830_00_GIGIARU_U.webp
Wisdom of Sea and Sky;Klinklang;♦♦♦;cPK_10_009840_00_GIGIGIARU_R.webp
Wisdom of Sea and Sky;Spearow;♦;cPK_10_009850_00_ONISUZUME_C.webp
Wisdom of Sea and Sky;Fearow;♦;cPK_10_009860_00_ONIDRILL_C.webp
Wisdom of Sea and Sky;Chansey;♦;cPK_10_009870_00_LUCKY_C.webp
Wisdom of Sea and Sky;Blissey;♦♦♦;cPK_10_009880_00_HAPPINAS_R.webp
Wisdom of Sea and Sky;Kangaskhan;♦♦♦;cPK_10_009890_00_GARURA_R.webp
Wisdom of Sea and Sky;Eevee;♦;cPK_10_009900_00_EIEVUI_C.webp
Wisdom of Sea and Sky;Porygon;♦;cPK_10_009910_00_PORYGON_C.webp
Wisdom of Sea and Sky;Porygon2;♦♦;cPK_10_009920_00_PORYGON2_U.webp
Wisdom of Sea and Sky;Porygon-Z;♦♦♦;cPK_10_009930_00_PORYGON-Z_R.webp
Wisdom of Sea and Sky;Sentret;♦;cPK_10_009940_00_OTACHI_C.webp
Wisdom of Sea and Sky;Furret;♦;cPK_10_009950_00_OOTACHI_C.webp
Wisdom of Sea and Sky;Hoothoot;♦;cPK_10_009960_00_HOHO_C.webp
Wisdom of Sea and Sky;Noctowl;♦;cPK_10_009970_00_YORUNOZUKU_C.webp
Wisdom of Sea and Sky;Aipom;♦;cPK_10_009980_00_EIPAM_C.webp
Wisdom of Sea and Sky;Ambipom;♦;cPK_10_009990_00_ETEBOTH_C.webp
Wisdom of Sea and Sky;Dunsparce;♦;cPK_10_010000_00_NOKOCCHI_C.webp
Wisdom of Sea and Sky;Teddiursa;♦;cPK_10_010010_00_HIMEGUMA_C.webp
Wisdom of Sea and Sky;Ursaring;♦♦;cPK_10_010020_00_RINGUMA_U.webp
Wisdom of Sea and Sky;Stantler;♦♦;cPK_10_010030_00_ODOSHISHI_U.webp
Wisdom of Sea and Sky;Smeargle;♦♦;cPK_10_010040_00_DOBLE_U.webp
Wisdom of Sea and Sky;Lugia ex;♦♦♦♦;cPK_10_010050_00_LUGIAex_RR.webp
Wisdom of Sea and Sky;Bouffalant;♦♦;cPK_10_010060_00_BUFFRON_U.webp
Wisdom of Sea and Sky;Elemental Switch;♦♦;cTR_10_000710_00_EREMENTARUTSUKEKAE_U.webp
Wisdom of Sea and Sky;Squirt Bottle;♦♦;cTR_10_000720_00_ZEHIGAMEJOURO_U.webp
Wisdom of Sea and Sky;Steel Apron;♦♦;cTR_10_000730_00_GOUTETUNOMAEKAKE_U.webp
Wisdom of Sea and Sky;Dark Pendant;♦♦;cTR_10_000740_00_DARKPENDANTO_U.webp
Wisdom of Sea and Sky;Rescue Scarf;♦♦;cTR_10_000750_00_RESUKYUSUKAFU_U.webp
Wisdom of Sea and Sky;Will;♦♦;cTR_10_000760_00_ITSUKI_U.webp
Wisdom of Sea and Sky;Lyra;♦♦;cTR_10_000770_00_KOTONE_U.webp
Wisdom of Sea and Sky;Silver;♦♦;cTR_10_000780_00_SILVER_U.webp
Wisdom of Sea and Sky;Fisher;♦♦;cTR_10_000790_00_FISHER_U.webp
Wisdom of Sea and Sky;Jasmine;♦♦;cTR_10_000800_00_MIKAN_U.webp
Wisdom of Sea and Sky;Hiker;♦♦;cTR_10_000810_00_HIKER_U.webp
Wisdom of Sea and Sky;Chikorita;★;cPK_20_008640_00_CHICORITA_AR.webp
Wisdom of Sea and Sky;Bellossom;★;cPK_20_008590_00_KIREIHANA_AR.webp
Wisdom of Sea and Sky;Heracross;★;cPK_20_008780_00_HERACROS_AR.webp
Wisdom of Sea and Sky;Cyndaquil;★;cPK_20_008830_00_HINOARASHI_AR.webp
Wisdom of Sea and Sky;Magby;★;cPK_20_008880_00_BUBY_AR.webp
Wisdom of Sea and Sky;Totodile;★;cPK_20_009020_00_WANINOKO_AR.webp
Wisdom of Sea and Sky;Qwilfish;★;cPK_20_009090_00_HARYSEN_AR.webp
Wisdom of Sea and Sky;Octillery;★;cPK_20_009120_00_OKUTANK_AR.webp
Wisdom of Sea and Sky;Delibird;★;cPK_20_009130_00_DELIBIRD_AR.webp
Wisdom of Sea and Sky;Pichu;★;cPK_20_009220_00_PICHU_AR.webp
Wisdom of Sea and Sky;Ampharos;★;cPK_20_009250_00_DENRYU_AR.webp
Wisdom of Sea and Sky;Togepi;★;cPK_20_009340_00_TOGEPY_AR.webp
Wisdom of Sea and Sky;Xatu;★;cPK_20_009380_00_NATIO_AR.webp
Wisdom of Sea and Sky;Wobbuffet;★;cPK_20_009420_00_SONANS_AR.webp
Wisdom of Sea and Sky;Gligar;★;cPK_20_009500_00_GLIGER_AR.webp
Wisdom of Sea and Sky;Spinarak;★;cPK_20_009660_00_ITOMARU_AR.webp
Wisdom of Sea and Sky;Murkrow;★;cPK_20_009690_00_YAMIKARASU_AR.webp
Wisdom of Sea and Sky;Tyranitar;★;cPK_20_009750_00_BANGIRAS_AR.webp
Wisdom of Sea and Sky;Scizor;★;cPK_20_009790_00_HASSAM_AR.webp
Wisdom of Sea and Sky;Sentret;★;cPK_20_009940_00_OTACHI_AR.webp
Wisdom of Sea and Sky;Hoothoot;★;cPK_20_009960_00_HOHO_AR.webp
Wisdom of Sea and Sky;Stantler;★;cPK_20_010030_00_ODOSHISHI_AR.webp
Wisdom of Sea and Sky;Smeargle;★;cPK_20_010040_00_DOBLE_AR.webp
Wisdom of Sea and Sky;Blissey;★;cPK_20_009880_00_HAPPINAS_AR.webp
